dataset,battery_id,cycle_idx,peak_V,peak_H
NASA,B0018,1,4.119209607001325,101617.74962057211
NASA,B0018,2,4.03504772368038,5272.907198697805
NASA,B0018,3,4.0355194557922935,3728.5316239285894
NASA,B0018,4,,
NASA,B0018,5,4.044802269062851,1316.4601922752154
NASA,B0018,6,4.044271792210533,2087.6679662982133
NASA,B0018,7,4.037109286014148,1731.2961495810705
NASA,B0018,8,4.0405613880235,5871.628854822055
NASA,B0018,9,4.037029878625243,2446.0748991923647
NASA,B0018,10,4.0459158050372555,3540.223254551409
NASA,B0018,11,4.045818952521097,1874.7020091623272
NASA,B0018,12,4.040084674479475,1952.8789086769175
NASA,B0018,13,4.03664118686171,829.0219496551363
NASA,B0018,14,4.0337185343989646,891.9903009510817
NASA,B0018,15,4.048200993439163,3708.2457335244617
NASA,B0018,16,4.044116718714779,1798.4672192812504
NASA,B0018,17,4.047475315939357,1935.1228924083116
NASA,B0018,18,4.045054486242977,4211.573808139059
NASA,B0018,19,4.036630709647232,1937.424910936108
NASA,B0018,20,4.043686300139476,98086.14631797647
NASA,B0018,21,4.041636538591323,14382.328023927548
NASA,B0018,22,4.040750403657615,3094.4222187134874
NASA,B0018,23,4.038513128335035,2189.8206310883907
NASA,B0018,24,4.032619073300794,2883.1378843546117
NASA,B0018,25,4.037847747125331,4107.378169185402
NASA,B0018,26,4.0421810097625475,1732.538743520021
NASA,B0018,27,4.044037565223334,2166.938946158716
NASA,B0018,28,4.042308763718696,1075.5695162347638
NASA,B0018,29,4.04099230315882,7957.987655959732
NASA,B0018,30,4.044036396737994,4163.989067633534
NASA,B0018,31,4.036199889545802,18746.246660299363
NASA,B0018,32,4.039825388721173,7038.151004889398
NASA,B0018,33,4.038982911693465,3056.9438709161404
NASA,B0018,34,4.037039733602399,1698.821823480299
NASA,B0018,35,4.038580296672215,6292.600446318524
NASA,B0018,36,4.039890161111248,1031.6456298475205
NASA,B0018,37,4.035417397048467,6479.558627280727
NASA,B0018,38,4.041840333448995,2148.715349273494
NASA,B0018,39,4.0372942632547115,3101.915411688271
NASA,B0018,40,4.039114470761098,1146.797636064006
NASA,B0018,41,4.033342770972859,11871.761770287256
NASA,B0018,42,4.043313161690915,780.9481234864961
NASA,B0018,43,4.041218448887408,647.4226026861643
NASA,B0018,44,4.032795924309573,1935.5000146672028
NASA,B0018,45,4.037506093338476,2641.1068356950345
NASA,B0018,46,4.040025954573473,786.4550964304108
NASA,B0018,47,4.043719724219681,3834.4515565542897
NASA,B0018,48,4.0468749695574235,16559.3368738158
NASA,B0018,49,4.044253156796057,3272.3783287358765
NASA,B0018,50,4.043770363373492,2860.3194858665374
NASA,B0018,51,4.040774182747207,7235.504899334061
NASA,B0018,52,4.0485838068560644,2119.537288984753
NASA,B0018,53,4.118488437782123,39480.36245195637
NASA,B0018,54,4.141225411349669,2018.899379792733
NASA,B0018,55,4.143937477715669,133734.1182242923
NASA,B0018,56,4.148453736101199,14610.502658002628
NASA,B0018,57,4.147330114977965,11603.293501983148
NASA,B0018,58,4.134465258272606,66661.49013086592
NASA,B0018,59,4.140284228086417,30402.503773899407
NASA,B0018,60,4.14361674342647,12591.453401615692
NASA,B0018,61,4.146510178228142,18521.346878287586
NASA,B0018,62,4.144314934629732,16400.433671233193
NASA,B0018,63,4.145892477332728,89313.55686049124
NASA,B0018,64,4.143807122949519,24238.581180547713
NASA,B0018,65,4.141954929130667,36607.64857755942
NASA,B0018,66,4.144538461415676,44674.571584888006
NASA,B0018,67,4.138296403989263,42460.34861322874
NASA,B0018,68,4.1138610673086085,30506.815935137678
NASA,B0018,69,4.1428620738288515,29273.210139704588
NASA,B0018,70,4.139704363306247,1785486.7906603995
NASA,B0018,71,4.142620329384744,11435.26061237077
NASA,B0018,72,4.145792445898746,13012.753653785112
NASA,B0018,73,4.138974823823991,8485.239398742244
NASA,B0018,74,4.143572270905288,50495.42997774912
NASA,B0018,75,4.143954130306257,29259.96230473395
NASA,B0018,76,4.144125135780203,9704.638538081677
NASA,B0018,77,4.144779311963774,12101.156481529997
NASA,B0018,78,4.142907593263804,11363.351992355505
NASA,B0018,79,4.142094943485943,29740.3114132978
NASA,B0018,80,4.138758586797032,41966.65606190513
NASA,B0018,81,4.032434883104791,5530.542851488266
NASA,B0018,82,4.024104357263548,2462.0851397070946
NASA,B0018,83,4.025277441511385,972.4503315391084
NASA,B0018,84,4.029422093392556,1959.666001075224
NASA,B0018,85,4.016259767564334,1003.8130223681601
NASA,B0018,86,4.032421259230489,1104.5466439335069
NASA,B0018,87,4.031447181864333,1359.6035404532977
NASA,B0018,88,4.021083943526984,1601.8308541345687
NASA,B0018,89,4.026953046245385,10437.042696055156
NASA,B0018,90,4.0136892840550065,20902.625177461927
NASA,B0018,91,4.0337046248411825,1853.0279168810775
NASA,B0018,92,4.022896252649661,2926.9188683713874
NASA,B0018,93,4.022800789664771,880.0852036398464
NASA,B0018,94,4.022277410401022,2030.9434348295545
NASA,B0018,95,4.025134574170862,1947.699927434005
NASA,B0018,96,4.028748292233347,3741.6104097663556
NASA,B0018,97,4.021238127769713,6493.2336981158005
NASA,B0018,98,4.022638014057243,3550.5343463056633
NASA,B0018,99,4.0232510614398205,1677.9310857690361
NASA,B0018,100,4.0157729795921036,1435.6248687476618
NASA,B0018,101,4.014885615292929,1579.5497559454452
NASA,B0018,102,4.0174735694042445,1548.384960215295
NASA,B0018,103,4.02055104713733,1297.4218001526424
NASA,B0018,104,4.013149650560668,9683.162556292678
NASA,B0018,105,4.010401106290681,604.2047388939345
NASA,B0018,106,4.0223728310292985,3089.650000683563
NASA,B0018,107,4.0279323954966735,960.7993518509466
NASA,B0018,108,4.02995061786122,8681.060072616267
NASA,B0018,109,4.029856655301826,1204.1445091257046
NASA,B0018,110,4.02201176956433,3823.1670262025
NASA,B0018,111,4.018976008899144,3075.7736438027314
NASA,B0018,112,4.022255262322474,935.7220216462756
NASA,B0018,113,4.02118695669994,1782.2454923459882
NASA,B0018,114,4.023445625724802,736.024523860473
NASA,B0018,115,4.020395294739673,33653.445915710065
NASA,B0018,116,4.03370334118486,2657.547348900458
NASA,B0018,117,4.0208321001356016,1561.0078973608743
NASA,B0018,118,4.0197190358015815,1544.5347153493785
NASA,B0018,119,4.021145251798225,3001.8831303558763
NASA,B0018,120,4.0109098122667675,3536.803100362682
NASA,B0018,121,4.0251671557554385,1132.7450301221397
NASA,B0018,122,4.018184170931793,2413.043480856373
NASA,B0018,123,4.020149306057445,1746.5770905911777
NASA,B0018,124,4.021420385874854,3169.500907491718
NASA,B0018,125,4.013159269065371,1328.7960634538722
NASA,B0018,126,4.020004083653533,2014.2156909981495
NASA,B0018,127,4.024762057974928,1849.8658635268257
NASA,B0018,128,4.019924279332056,1557.2545019895115
NASA,B0018,129,4.014810683205051,1423.8304485631888
NASA,B0018,130,4.011247821127219,1046.5060460129243
NASA,B0018,131,4.02237544663063,1376.4164395256885
NASA,B0018,132,4.02112408498413,2727.274927826038
MIT,b3c0,1,2.0714851542713566,25607.709991248557
MIT,b3c0,2,2.0714966100502514,7477.6545475998555
MIT,b3c0,3,2.085477701507538,6403.973262813762
MIT,b3c0,4,2.0628611412060303,7579.796928551392
MIT,b3c0,5,2.036436024120603,8431.22253254788
MIT,b3c0,6,2.071402401005025,7377.116809476647
MIT,b3c0,7,,
MIT,b3c0,8,2.0713195969849245,9480.64295298816
MIT,b3c0,9,2.083926010552764,3941.251161746216
MIT,b3c0,10,2.0714566648241206,8182.314910514112
MIT,b3c0,11,2.0713968467336685,16424.573803824802
MIT,b3c0,12,2.0793317572864325,9319.961425613958
MIT,b3c0,13,2.0794057984924623,8357.433725271982
MIT,b3c0,14,2.0872729507537686,3627.0655013492733
MIT,b3c0,15,2.0634246336683417,6937.671491107125
MIT,b3c0,16,2.0954130442211056,4204.468062912168
MIT,b3c0,17,2.0789663728643215,7287.259800720004
MIT,b3c0,18,2.028693686432161,9532.819816133204
MIT,b3c0,19,2.0201296693467334,9396.860272199032
MIT,b3c0,20,2.0205216417085428,32495.196662465958
MIT,b3c0,21,2.0792783542713567,7869.43123799047
MIT,b3c0,22,2.070244942211055,14614.505623604104
MIT,b3c0,23,2.0714545442211056,12123.487972723691
MIT,b3c0,24,2.0715013743718593,7029.364219938512
MIT,b3c0,25,2.0714651899497487,7178.622470735479
MIT,b3c0,26,2.0681741522613066,9302.215041981097
MIT,b3c0,27,2.0713539100502514,9449.981362911027
MIT,b3c0,28,2.0713476959798993,10807.736738985237
MIT,b3c0,29,2.079357790954774,6893.53186224477
MIT,b3c0,30,2.0765089768844223,7946.67520224142
MIT,b3c0,31,2.082050666331658,6799.808809583506
MIT,b3c0,32,2.0713169683417085,7532.083313799985
MIT,b3c0,33,2.0762094040201005,7331.10357815989
MIT,b3c0,34,2.0941185432160805,6099.499438638241
MIT,b3c0,35,2.0843785482412063,5508.988238340004
MIT,b3c0,36,2.0925262326633165,3446.191370527414
MIT,b3c0,37,2.1112593005025126,3485.088324645862
MIT,b3c0,38,2.071382703517588,6992.6704255983195
MIT,b3c0,39,2.0935111120603014,4611.882971703589
MIT,b3c0,40,2.0774273914572863,6498.962742127853
MIT,b3c0,41,2.0634025060301506,275781.72621952184
MIT,b3c0,42,2.031607796482412,5205.899525233697
MIT,b3c0,43,2.038456209045226,7147.382529808884
MIT,b3c0,44,2.0793671728643215,5680.849222929527
MIT,b3c0,45,2.095356065326633,4187.104627973245
MIT,b3c0,46,2.0858898165829145,6258.843286006745
MIT,b3c0,47,2.0782334492462313,7018.697407722068
MIT,b3c0,48,2.0794246452261307,5113.7873019659055
MIT,b3c0,49,2.079328794974874,15499.112166937939
MIT,b3c0,50,2.0954077467336685,4530.741528820638
MIT,b3c0,51,2.0790019527638193,5367.957508278239
MIT,b3c0,52,2.029188082914573,24759.706031872032
MIT,b3c0,53,2.0236550482412063,16730.598253578413
MIT,b3c0,54,2.0688816748743717,5084.820424985359
MIT,b3c0,55,2.0872701055276384,4557.434423633986
MIT,b3c0,56,2.095265983919598,6032.0011438058
MIT,b3c0,57,2.031642443718593,6204.428074263833
MIT,b3c0,58,2.0236957231155777,17530.550154871704
MIT,b3c0,59,2.031542211557789,22185.635495832845
MIT,b3c0,60,2.0713083331658293,4179.446615230019
MIT,b3c0,61,2.0780773708542712,6364.83365119563
MIT,b3c0,62,2.095169126633166,4719.326067283062
MIT,b3c0,63,2.079426467839196,5314.176821313042
MIT,b3c0,64,2.0855630100502514,4655.700852419861
MIT,b3c0,65,2.0624619994974873,5069.086888608361
MIT,b3c0,66,2.087230681407035,12990.687531677544
MIT,b3c0,67,2.095204875879397,3655.222055842377
MIT,b3c0,68,2.0711408261306534,35163.011861390696
MIT,b3c0,69,2.0234527386934675,11275.435107868107
MIT,b3c0,70,2.023625491959799,7843.576162745758
MIT,b3c0,71,,
MIT,b3c0,72,2.0236483371859295,5748.147943920937
MIT,b3c0,73,2.021907831155779,4116.030022235966
MIT,b3c0,74,2.0236819376884423,7277.526793235915
MIT,b3c0,75,,
MIT,b3c0,76,2.0305030542713567,12050.087999340529
MIT,b3c0,77,2.023606428140704,4801.156036593566
MIT,b3c0,78,2.0315791,2422038.5954832137
MIT,b3c0,79,2.031615209045226,12138.182318015937
MIT,b3c0,80,2.085337792964824,3296.2354634022777
MIT,b3c0,81,2.0631007879396983,4637.028637058736
MIT,b3c0,82,2.0782333030150753,3568.544514898051
MIT,b3c0,83,2.0870564984924624,3502.0336664488436
MIT,b3c0,84,,
MIT,b3c0,85,2.078343809547739,7157.843672660992
MIT,b3c0,86,2.0789391849246233,4133.6327242954285
MIT,b3c0,87,2.0953305065326635,2908.9422880603643
MIT,b3c0,88,2.0793184507537688,4612.283186015374
MIT,b3c0,89,2.087446992964824,3949.8698318175125
MIT,b3c0,90,2.0391366321608038,4082.3585655024176
MIT,b3c0,91,,
MIT,b3c0,92,,
MIT,b3c0,93,2.022596412562814,7754.31747140423
MIT,b3c0,94,2.0223563065326635,4777.380698763047
MIT,b3c0,95,2.087255059798995,3487.4507041905417
MIT,b3c0,96,2.086721667839196,3297.5854733046162
MIT,b3c0,97,2.0714370442211054,8991.916984867155
MIT,b3c0,98,2.0858798432160803,5034.575923173537
MIT,b3c0,99,2.078452402512563,4004.416180833376
MIT,b3c0,100,2.071324336683417,59340.71776490408
MIT,b3c0,101,2.086403524120603,26116.528232204306
MIT,b3c0,102,2.0874144351758797,4917.267884393793
MIT,b3c0,103,2.0236492999999998,38939.9380442152
MIT,b3c0,104,2.0620223407035176,3649.0879621418685
MIT,b3c0,105,2.0861187331658293,3333.8234381230545
MIT,b3c0,106,,
MIT,b3c0,107,2.031609409045226,4455.232008466661
MIT,b3c0,108,2.0714355527638193,4758.098831856314
MIT,b3c0,109,2.0315874798994975,7235.591311741948
MIT,b3c0,110,2.0236515040201004,5261.930546870985
MIT,b3c0,111,,
MIT,b3c0,112,2.0634040407035177,15102.825114207082
MIT,b3c0,113,2.0793597452261308,3211.4505341504464
MIT,b3c0,114,2.0315373407035175,13026.75472926183
MIT,b3c0,115,2.0792832809045225,5476.502796818759
MIT,b3c0,116,2.087280798994975,3288.9368300076353
MIT,b3c0,117,2.0634002306532664,4891.613113451013
MIT,b3c0,118,2.07909759798995,3135.2009253494098
MIT,b3c0,119,2.0793299341708544,12709.544955355099
MIT,b3c0,120,2.0226170557788943,3878.8151001388323
MIT,b3c0,121,2.087312995477387,4873.167406372726
MIT,b3c0,122,2.022519610552764,3403.947066733717
MIT,b3c0,123,2.0235770452261304,3312.8449026751464
MIT,b3c0,124,2.0236574281407034,9762.320356061551
MIT,b3c0,125,2.0227170291457286,9108.29549957689
MIT,b3c0,126,,
MIT,b3c0,127,2.023722581407035,6994.528020997088
MIT,b3c0,128,,
MIT,b3c0,129,2.031661392964824,6108.056057407526
MIT,b3c0,130,2.02364261959799,5372.384396510714
MIT,b3c0,131,2.023669595477387,7746.892781749024
MIT,b3c0,132,2.071360707035176,8973.144016566084
MIT,b3c0,133,2.0713886351758792,3634.5892798209484
MIT,b3c0,134,2.0156968994974873,4457.130798262683
MIT,b3c0,135,2.023590556281407,17759.252386720837
MIT,b3c0,136,2.0236607216080404,4970.180758925406
MIT,b3c0,137,2.0316405371859294,54890.686428889654
MIT,b3c0,138,2.0237010778894473,8320.590120878041
MIT,b3c0,139,2.078526291959799,3382.479391233742
MIT,b3c0,140,2.0309239673366832,3599.0779798105164
MIT,b3c0,141,,
MIT,b3c0,142,,
MIT,b3c0,143,2.0223968683417084,4938.787784805478
MIT,b3c0,144,2.0395862145728643,145565.21334472095
MIT,b3c0,145,2.031557790954774,6104.701562438457
MIT,b3c0,146,,
MIT,b3c0,147,,
MIT,b3c0,148,,
MIT,b3c0,149,2.0236276005025124,8385.89276781747
MIT,b3c0,150,2.0793799879396984,3661.797119779448
MIT,b3c0,151,2.031633159798995,10732.118416271369
MIT,b3c0,152,2.071408144723618,4641.89374208358
MIT,b3c0,153,2.087447623115578,3431.063670855392
MIT,b3c0,154,2.0865862060301508,3365.725540055658
MIT,b3c0,155,2.013624120603015,3392.106752455923
MIT,b3c0,156,2.0635843763819093,4118.950095839221
MIT,b3c0,157,2.0954101889447236,3863.29488328126
MIT,b3c0,158,2.087366297487437,3303.1578925337635
MIT,b3c0,159,2.0855624879396983,3391.6882643624635
MIT,b3c0,160,,
MIT,b3c0,161,2.078481387437186,2895.2364736920454
MIT,b3c0,162,2.0634526984924624,5542.912636042898
MIT,b3c0,163,2.038753452763819,5051.268034276323
MIT,b3c0,164,2.0389529497487437,3995.2668788086457
MIT,b3c0,165,2.063435748241206,8966.583988808234
MIT,b3c0,166,2.087383249246231,4462.529215267223
MIT,b3c0,167,2.0316306462311555,13372.924202884638
MIT,b3c0,168,2.071522147236181,4116.402128792279
MIT,b3c0,169,2.0860664844221106,13967.236457204293
MIT,b3c0,170,2.0236999512562814,4093.998587535412
MIT,b3c0,171,2.0947870834170854,3810.863188008168
MIT,b3c0,172,2.077859323115578,6670.716083929975
MIT,b3c0,173,2.0865253648241207,3234.6709027450042
MIT,b3c0,174,2.0860567226130655,3646.0715510228392
MIT,b3c0,175,2.0786209959798994,9443.345703607185
MIT,b3c0,176,2.0316321547738694,6755.970237140249
MIT,b3c0,177,2.07119052160804,3867.6380271931475
MIT,b3c0,178,2.023615681909548,5276.982085013617
MIT,b3c0,179,2.0237391000000002,6737.31103918252
MIT,b3c0,180,2.0217557291457284,5309.688084226478
MIT,b3c0,181,2.063476258291457,3606.5873998330007
MIT,b3c0,182,2.077832020603015,4015.8463720562113
MIT,b3c0,183,2.086351486432161,3554.5224645888857
MIT,b3c0,184,2.0705932457286433,4738.663288065017
MIT,b3c0,185,2.077564691959799,8212.258385173209
MIT,b3c0,186,2.085539369849246,3387.6223305544618
MIT,b3c0,187,2.071375365326633,3882.9254065384966
MIT,b3c0,188,2.023668522613065,6168.960646089814
MIT,b3c0,189,2.0227456542713567,35503.71760127312
MIT,b3c0,190,2.0237390542713567,5817.705542157908
MIT,b3c0,191,2.021846370351759,5042.608092012028
MIT,b3c0,192,2.063516017085427,4349.627900463322
MIT,b3c0,193,,
MIT,b3c0,194,2.031663310552764,9313.346138125089
MIT,b3c0,195,2.0299595592964823,6187.729410516757
MIT,b3c0,196,2.0236505668341707,5207.004843573694
MIT,b3c0,197,2.031614650251256,10439.300145132012
MIT,b3c0,198,2.0296247160804017,4363.598517785524
MIT,b3c0,199,2.0714587256281405,5388.290270662451
MIT,b3c0,200,2.0395203809045226,4388.393623365455
MIT,b3c0,201,2.039571781407035,5913.737666626894
MIT,b3c0,202,2.0316496060301508,4252.213911599916
MIT,b3c0,203,2.021814725125628,5779.1576816588795
MIT,b3c0,204,2.079470512562814,4094.5960228821614
MIT,b3c0,205,2.071485370351759,6816.993478146956
MIT,b3c0,206,2.0634707190954775,5814.750954487508
MIT,b3c0,207,2.0793101718592966,3880.604862218785
MIT,b3c0,208,2.031585971356784,12029.463982231096
MIT,b3c0,209,2.0694257834170853,4828.17692006956
MIT,b3c0,210,,
MIT,b3c0,211,2.077239553768844,4509.418039208169
MIT,b3c0,212,2.0713535914572865,3184.245551211645
MIT,b3c0,213,2.071521494472362,4305.893551820617
MIT,b3c0,214,2.0794235346733667,3703.6366100916143
MIT,b3c0,215,2.0952207175879396,4754.165299704025
MIT,b3c0,216,2.0701208904522614,5274.539285090119
MIT,b3c0,217,2.095297647236181,3353.11014638305
MIT,b3c0,218,2.0316226477386934,7534.586322900575
MIT,b3c0,219,2.02366991758794,5401.29572906151
MIT,b3c0,220,2.0316563271356785,7482.909597331334
MIT,b3c0,221,2.0216667658291456,8535.788159486849
MIT,b3c0,222,2.031609457788945,31672.193124416
MIT,b3c0,223,2.02365172160804,9537.346938612902
MIT,b3c0,224,,
MIT,b3c0,225,2.079339129145729,3089.307263401563
MIT,b3c0,226,2.0779002613065325,6184.211985362304
MIT,b3c0,227,2.0793868467336685,4016.1111365614065
MIT,b3c0,228,2.069593869849246,3424.005461162764
MIT,b3c0,229,2.0472023638190953,3466.1643051624887
MIT,b3c0,230,2.031659924120603,5388.5580814896375
MIT,b3c0,231,2.07939298241206,3668.17234867451
MIT,b3c0,232,2.070140343718593,3788.3397910932936
MIT,b3c0,233,2.0946049572864323,3597.0394109909516
MIT,b3c0,234,2.0793369879396986,3132.2753881414164
MIT,b3c0,235,2.078853773869347,4066.328329652527
MIT,b3c0,236,2.063462534673367,116102.28663475509
MIT,b3c0,237,2.0952715753768842,3309.2169809961188
MIT,b3c0,238,2.085280850251256,3217.823612816969
MIT,b3c0,239,2.08690948040201,3147.7189165054083
MIT,b3c0,240,,
MIT,b3c0,241,2.086822012562814,8185.60092226432
MIT,b3c0,242,2.0236288798994977,8422.482550273087
MIT,b3c0,243,2.0774458120603017,5502.920773757356
MIT,b3c0,244,2.0316052226130656,3914.20677731455
MIT,b3c0,245,2.071441843718593,4260.919731981438
MIT,b3c0,246,2.0714815743718593,3758.2896239252614
MIT,b3c0,247,2.0780980889447234,8157.133354763605
MIT,b3c0,248,2.086421943718593,3556.68023811469
MIT,b3c0,249,2.0304435165829147,8940.266171454105
MIT,b3c0,250,2.0873979628140704,4250.357301861473
MIT,b3c0,251,2.0709731959798994,4636.018342292245
MIT,b3c0,252,2.031637689949749,17763.00919135168
MIT,b3c0,253,2.0236416206030152,4842.005994331874
MIT,b3c0,254,,
MIT,b3c0,255,2.0316313175879395,6979.416163991454
MIT,b3c0,256,2.095279547236181,7609.318986365743
MIT,b3c0,257,2.031239175879397,14829.06787456694
MIT,b3c0,258,2.023698704522613,10105.433898762443
MIT,b3c0,259,2.095262024120603,3057.9775484438205
MIT,b3c0,260,2.087429040201005,3536.4017278874016
MIT,b3c0,261,2.071504697487437,4442.1521187281105
MIT,b3c0,262,2.0714998432160803,4150.829612772298
MIT,b3c0,263,2.023709309045226,10929.394486723178
MIT,b3c0,264,2.063401225125628,6289.068871825886
MIT,b3c0,265,,
MIT,b3c0,266,2.0223767201005023,5920.865495921204
MIT,b3c0,267,2.0715057949748745,4200.723775301247
MIT,b3c0,268,2.023673493969849,4342.016436206913
MIT,b3c0,269,2.087336959798995,3094.6389961450495
MIT,b3c0,270,2.038049908040201,4566.697718607304
MIT,b3c0,271,2.0301785422110554,8834.700349112698
MIT,b3c0,272,2.023193464321608,11041.001118996679
MIT,b3c0,273,2.070161324120603,3708.1196076337956
MIT,b3c0,274,,
MIT,b3c0,275,2.085390347236181,3320.9719202353244
MIT,b3c0,276,2.0794060296482413,4083.19038959989
MIT,b3c0,277,2.079507896482412,6254.904459697095
MIT,b3c0,278,2.063374248241206,3731.917160282463
MIT,b3c0,279,2.0710728065326633,14918.110207413773
MIT,b3c0,280,2.0851854497487436,3844.157934889254
MIT,b3c0,281,2.0873995929648244,3315.878207537368
MIT,b3c0,282,2.0873979170854273,3053.611339776455
MIT,b3c0,283,,
MIT,b3c0,284,2.0715645,3854.2768421778783
MIT,b3c0,285,,
MIT,b3c0,286,2.079495993467337,6115.35006566338
MIT,b3c0,287,2.0954275175879395,5872.170636313458
MIT,b3c0,288,2.0793447824120603,3328.4743495289895
MIT,b3c0,289,2.0854282854271355,4888.003974594678
MIT,b3c0,290,2.079169291959799,4561.758977063303
MIT,b3c0,291,2.031600041708543,3372.365626302993
MIT,b3c0,292,2.023652725628141,3540.5118497895564
MIT,b3c0,293,2.023659734170854,3768.2982115012765
MIT,b3c0,294,2.023617221105528,11443.324931405048
MIT,b3c0,295,2.087382714070352,4402.18382325117
MIT,b3c0,296,2.0932990110552763,3954.7248402052974
MIT,b3c0,297,2.0792983467336685,2834.262162276365
MIT,b3c0,298,2.0714762346733666,4383.544662016112
MIT,b3c0,299,2.078895576884422,3854.1473780478523
MIT,b3c0,300,2.039542584924623,3816.0051593526
MIT,b3c0,301,2.030536069346734,6363.398899105448
MIT,b3c0,302,2.095259481407035,3581.1950085328426
MIT,b3c0,303,2.0793443120603015,4180.0706394416375
MIT,b3c0,304,2.0858576256281407,3995.8775267373553
MIT,b3c0,305,2.077448420603015,8603.858882889124
MIT,b3c0,306,2.0394970085427135,6376.772750579208
MIT,b3c0,307,2.031692857286432,10015.44084236467
MIT,b3c0,308,2.01570133718593,9598.167472694891
MIT,b3c0,309,2.078462489447236,3397.8871236672676
MIT,b3c0,310,2.095191640201005,3446.4726286442924
MIT,b3c0,311,2.0874326929648244,3936.9499129751493
MIT,b3c0,312,,
MIT,b3c0,313,2.086023626130653,3401.4200771030114
MIT,b3c0,314,2.063466691959799,5009.26403810573
MIT,b3c0,315,2.087350701005025,3522.1505552191757
MIT,b3c0,316,2.071462727638191,5914.345346729828
MIT,b3c0,317,2.087410741708543,4827.711979325007
MIT,b3c0,318,2.078092741708543,6470.507819722538
MIT,b3c0,319,2.0391475,3660.8002484924505
MIT,b3c0,320,2.023692308040201,3822.640224035039
MIT,b3c0,321,2.0236041522613064,17996.35788405134
MIT,b3c0,322,2.071477189447236,3649.898077343646
MIT,b3c0,323,2.063475663819095,14941.28495311052
MIT,b3c0,324,2.069590253768844,6431.081376419597
MIT,b3c0,325,2.085403011557789,3340.3909268562784
MIT,b3c0,326,2.0237179924623114,6685.760554877584
MIT,b3c0,327,2.031655059798995,4690.454760907725
MIT,b3c0,328,2.0216113075376883,40341.049180711685
MIT,b3c0,329,2.029324913567839,5311.58806460513
MIT,b3c0,330,2.0316034984924625,24417.2383052059
MIT,b3c0,331,2.0316287221105527,5465.22466044461
MIT,b3c0,332,2.022107725628141,15137.08961857037
MIT,b3c0,333,2.0236618130653268,12090.23729078556
MIT,b3c0,334,2.029693690954774,86602.05737614576
MIT,b3c0,335,2.023595676884422,23059.034636809665
MIT,b3c0,336,2.039599897487437,5103.877356618699
MIT,b3c0,337,2.023691963316583,8081.948820310814
MIT,b3c0,338,2.0875159251256283,4098.717349534429
MIT,b3c0,339,2.0794226628140704,4587.551015952795
MIT,b3c0,340,,
MIT,b3c0,341,2.0953644150753767,3954.859206808118
MIT,b3c0,342,2.038817242713568,3980.2789371048466
MIT,b3c0,343,2.039240989447236,23479.562547127676
MIT,b3c0,344,2.0236574050251255,10295.243245423171
MIT,b3c0,345,2.0216708613065326,28385.489568516317
MIT,b3c0,346,2.079349785427136,3804.719372693501
MIT,b3c0,347,2.0696586959798995,4669.902766160553
MIT,b3c0,348,2.0715347432160804,7111.3131294236955
MIT,b3c0,349,2.0872431326633167,5907.180208947528
MIT,b3c0,350,2.079333841708543,91929.10655288794
MIT,b3c0,351,2.087070730150754,29474.399682634117
MIT,b3c0,352,2.0315932040201004,7710.724688161487
MIT,b3c0,353,2.0315987547738694,105176.84777051222
MIT,b3c0,354,2.0777899502512565,4418.322933719294
MIT,b3c0,355,2.0933178306532665,3322.4570111031567
MIT,b3c0,356,2.0794412452261306,7346.489407777067
MIT,b3c0,357,2.0698574165829147,4199.261492235071
MIT,b3c0,358,2.0714108924623114,4141.239028700007
MIT,b3c0,359,2.0714762100502515,4278.263523331768
MIT,b3c0,360,2.069367547236181,4049.290541651741
MIT,b3c0,361,2.0714560628140704,6008.567744110093
MIT,b3c0,362,2.0793098336683418,5371.746258989351
MIT,b3c0,363,2.085836203517588,4078.0879340113106
MIT,b3c0,364,2.0776774859296485,5276.73942865042
MIT,b3c0,365,2.0875416718592965,4104.084484722212
MIT,b3c0,366,2.0952331864321607,5127.19802760329
MIT,b3c0,367,2.08728703718593,3815.761539028211
MIT,b3c0,368,2.0316379959799,13354.21170324416
MIT,b3c0,369,2.031673995477387,13281.757970308405
MIT,b3c0,370,2.055607067839196,28529.36093517728
MIT,b3c0,371,2.079369132160804,8244.284175234643
MIT,b3c0,372,2.085722850753769,3473.732461096679
MIT,b3c0,373,2.031669647236181,6454.274850721595
MIT,b3c0,374,,
MIT,b3c0,375,2.0714639005025126,7016.793822965555
MIT,b3c0,376,2.0794064326633164,3937.2199698691807
MIT,b3c0,377,2.045759890452261,6493.076139900891
MIT,b3c0,378,2.0214149010050253,3311.372035041585
MIT,b3c0,379,,
MIT,b3c0,380,2.087394368844221,5093.722394942434
MIT,b3c0,381,2.087475685929648,4819.439435412772
MIT,b3c0,382,2.0854293055276383,3700.7697767765276
MIT,b3c0,383,2.0852928934673365,3944.6833944851364
MIT,b3c0,384,2.087408082914573,3366.734857164013
MIT,b3c0,385,2.071159789447236,4860.725415122222
MIT,b3c0,386,2.0933083391959797,4621.607905451207
MIT,b3c0,387,,
MIT,b3c0,388,2.087440920603015,5561.239552611566
MIT,b3c0,389,2.023360475879397,5750.289333364302
MIT,b3c0,390,2.0237189889447236,7753.066198615367
MIT,b3c0,391,2.0219056979899497,6104.730091264459
MIT,b3c0,392,,
MIT,b3c0,393,,
MIT,b3c0,394,2.071126033668342,4633.701996814487
MIT,b3c0,395,2.071511291959799,4758.798761565964
MIT,b3c0,396,2.079518679396985,5550.002979830563
MIT,b3c0,397,2.079014007035176,2695.5436519161576
MIT,b3c0,398,2.0315816120603016,10555.79812999237
MIT,b3c0,399,2.063569833165829,69993.98836039622
MIT,b3c0,400,,
MIT,b3c0,401,2.071474587437186,3946.7380356401995
MIT,b3c0,402,2.0713779613065326,5041.038383552409
MIT,b3c0,403,2.087264445728643,6436.135355195587
MIT,b3c0,404,2.086098516080402,4317.314067411427
MIT,b3c0,405,2.0779221537688444,6923.396875170702
MIT,b3c0,406,2.0778322251256283,15928.882913267662
MIT,b3c0,407,2.0714021150753767,4578.128428520391
MIT,b3c0,408,2.0236558316582913,4790.637396699648
MIT,b3c0,409,2.0215782864321605,7968.42441986379
MIT,b3c0,410,2.0315934386934673,13375.268694110271
MIT,b3c0,411,2.0315842859296485,8260.503033383215
MIT,b3c0,412,2.085996563316583,4156.948281066038
MIT,b3c0,413,2.086918814070352,5192.115400436184
MIT,b3c0,414,2.071492367839196,3991.969158662803
MIT,b3c0,415,2.031665423115578,6188.489622880843
MIT,b3c0,416,2.0316502050251257,4694.994159383581
MIT,b3c0,417,2.069370077386935,4538.994119909732
MIT,b3c0,418,2.0873249110552763,3321.5585517702834
MIT,b3c0,419,2.095285394472362,5949.330325333565
MIT,b3c0,420,,
MIT,b3c0,421,2.085217192964824,4871.68667304778
MIT,b3c0,422,2.0928873412060303,3159.998508800512
MIT,b3c0,423,2.0952423075376885,6422.672926414441
MIT,b3c0,424,,
MIT,b3c0,425,2.0873442361809045,3516.902248524788
MIT,b3c0,426,2.09546255879397,3581.9105326059325
MIT,b3c0,427,2.0774003733668343,10852.097253292395
MIT,b3c0,428,2.085149458291457,3624.2376579733045
MIT,b3c0,429,2.0794925532663315,5610.917303407422
MIT,b3c0,430,2.0635541221105527,5694.712144856808
MIT,b3c0,431,2.031628694974874,7163.813220495174
MIT,b3c0,432,2.0218551110552765,7416.52645953269
MIT,b3c0,433,2.0237156924623116,12297.4742026823
MIT,b3c0,434,2.0855920271356783,3278.7285944800005
MIT,b3c0,435,2.071500634673367,4751.212701771959
MIT,b3c0,436,2.0954358979899497,8318.451292081092
MIT,b3c0,437,2.031634326633166,10428.425799051638
MIT,b3c0,438,2.023719214572864,11808.991048896009
MIT,b3c0,439,2.0236634050251254,6697.81117443316
MIT,b3c0,440,2.0302446964824123,7006.6426980873475
MIT,b3c0,441,2.0237235512562814,4372.029530736947
MIT,b3c0,442,2.0396390145728645,5958.916091391491
MIT,b3c0,443,2.0237703336683417,13062.218721876623
MIT,b3c0,444,2.085978081909548,3649.568865668654
MIT,b3c0,445,2.0695013452261306,12603.922924055818
MIT,b3c0,446,,
MIT,b3c0,447,2.031611827638191,2956.6501895718006
MIT,b3c0,448,2.0316947226130653,11068.49589367647
MIT,b3c0,449,2.023103168844221,3514.030327298718
MIT,b3c0,450,2.023639516582915,11355.010940432527
MIT,b3c0,451,2.079329111557789,4072.528260643194
MIT,b3c0,452,2.085198432160804,3568.8159308845648
MIT,b3c0,453,,
MIT,b3c0,454,2.0874087281407037,11487.74251696543
MIT,b3c0,455,2.0952339829145727,3906.5173573326792
MIT,b3c0,456,2.0772511798994975,4833.862665085939
MIT,b3c0,457,2.0954368733668343,3507.7853537104847
MIT,b3c0,458,2.0873715422110553,4263.366659874483
MIT,b3c0,459,2.0794248175879395,4099.700722497119
MIT,b3c0,460,,
MIT,b3c0,461,2.07934351959799,47105.10893433585
MIT,b3c0,462,2.0932502924623115,3743.2051034934884
MIT,b3c0,463,2.0857529844221103,3726.4427365948154
MIT,b3c0,464,2.031730688442211,14253.169536432377
MIT,b3c0,465,2.03963387839196,5145.178188295822
MIT,b3c0,466,2.0694206276381912,4742.693764312032
MIT,b3c0,467,2.095273574874372,3624.863701087528
MIT,b3c0,468,2.0872361547738696,3838.50708754995
MIT,b3c0,469,2.0795026904522613,3769.080683694166
MIT,b3c0,470,2.0853973743718592,4358.314611455971
MIT,b3c0,471,2.0863637809045223,3549.139662613936
MIT,b3c0,472,2.095401969849246,3538.631346481253
MIT,b3c0,473,2.03173228040201,19952.65340502807
MIT,b3c0,474,2.0226631065326632,3558.4028391894158
MIT,b3c0,475,2.0237250231155777,176779.41905441013
MIT,b3c0,476,2.0706388683417085,6176.491139231603
MIT,b3c0,477,2.0873336286432163,4088.097760524532
MIT,b3c0,478,2.0554435592964824,20606.926978309148
MIT,b3c0,479,2.029575597487437,97938.94532574643
MIT,b3c0,480,2.0236685075376886,13412.263143097036
MIT,b3c0,481,2.023665358291457,7202.973430597282
MIT,b3c0,482,2.023169731155779,130784.94152909171
MIT,b3c0,483,,
MIT,b3c0,484,,
MIT,b3c0,485,2.087280690954774,3645.7921803762447
MIT,b3c0,486,2.0953139557788942,4025.505345328457
MIT,b3c0,487,2.0214910371859296,5607.530243880317
MIT,b3c0,488,2.02194955879397,44392.77726575322
MIT,b3c0,489,2.0634537819095478,18628.721714870553
MIT,b3c0,490,2.0854863819095475,4377.127639213473
MIT,b3c0,491,2.077734454271357,4141.452697187232
MIT,b3c0,492,2.0793296572864324,7386.007425648857
MIT,b3c0,493,2.0705321547738693,6386.186980831251
MIT,b3c0,494,2.0714845155778896,3812.7300178441556
MIT,b3c0,495,2.0775977075376884,4834.960917459201
MIT,b3c0,496,2.0953867798994974,3310.832725008348
MIT,b3c0,497,2.087421018090452,3766.4718888527905
MIT,b3c0,498,2.0396217095477387,3800.9877384577485
MIT,b3c0,499,2.031700190954774,8200.035638089264
MIT,b3c0,500,2.023617946733668,7094.951112528994
MIT,b3c0,501,2.0237531557788944,11113.87239574207
MIT,b3c0,502,2.0138757442211057,4238.667022066375
MIT,b3c0,503,2.0237442005025126,6221.522479630219
MIT,b3c0,504,2.022685213567839,7200.921733379358
MIT,b3c0,505,2.023666547236181,6545.720134877583
MIT,b3c0,506,2.023678154271357,3224.519656181242
MIT,b3c0,507,2.0236731045226133,4236.1950369034585
MIT,b3c0,508,2.0631531522613065,4696.54764335398
MIT,b3c0,509,2.0789165396984925,5153.023323906841
MIT,b3c0,510,2.079453762311558,5526.503622707699
MIT,b3c0,511,2.031597281909548,6708.851652908406
MIT,b3c0,512,2.0157936834170855,15807.451392763178
MIT,b3c0,513,2.023678696482412,43441.30824208314
MIT,b3c0,514,2.0157624768844222,14324.890269042502
MIT,b3c0,515,2.0316538949748746,9269.375094069632
MIT,b3c0,516,2.0236567110552763,5913.277137122173
MIT,b3c0,517,2.0135258281407036,14014.380860443875
MIT,b3c0,518,2.069429698994975,14682.367716244276
MIT,b3c0,519,2.077359374874372,4760.564656345166
MIT,b3c0,520,2.0954708155778894,3526.181934332478
MIT,b3c0,521,2.070458296482412,4763.120678644809
MIT,b3c0,522,2.0303509075376884,6397.996793895314
MIT,b3c0,523,2.079471063316583,4340.987444187203
MIT,b3c0,524,2.0773443211055276,5052.700282581643
MIT,b3c0,525,2.0793643638190957,5143.0147129752295
MIT,b3c0,526,2.0793700889447235,3930.4604005218753
MIT,b3c0,527,2.031625863316583,6429.064955147309
MIT,b3c0,528,2.0234197944723618,8859.68274724156
MIT,b3c0,529,2.023763020603015,28926.511238946274
MIT,b3c0,530,2.0714290457286433,3889.1660164978866
MIT,b3c0,531,2.071452572361809,3984.2450282395203
MIT,b3c0,532,2.0316553175879397,8931.990131307917
MIT,b3c0,533,2.023694852763819,13375.248592819513
MIT,b3c0,534,2.013965035678392,3704.285156878491
MIT,b3c0,535,2.0792797201005024,4848.339357744067
MIT,b3c0,536,2.0696400603015075,4787.596767569568
MIT,b3c0,537,2.0874539608040203,4147.496667821797
MIT,b3c0,538,2.0237303969849245,5830.707171092661
MIT,b3c0,539,2.0715169522613066,21616.074252808154
MIT,b3c0,540,2.0788122261306534,9407.374459145274
MIT,b3c0,541,2.078678367839196,9124.78688896509
MIT,b3c0,542,2.0305977206030152,5143.565388443164
MIT,b3c0,543,2.0953976477386935,3739.59164402386
MIT,b3c0,544,2.0874608095477387,4261.500018494854
MIT,b3c0,545,2.071359210050251,4816.936193289488
MIT,b3c0,546,2.087367674371859,3982.88626993156
MIT,b3c0,547,2.0314779477386935,12085.137019614202
MIT,b3c0,548,,
MIT,b3c0,549,,
MIT,b3c0,550,2.0396402884422113,4372.336813590762
MIT,b3c0,551,2.0316637944723617,37471.804112749494
MIT,b3c0,552,2.0216374924623115,7279.731388659471
MIT,b3c0,553,2.0635645437185928,5338.423234295331
MIT,b3c0,554,2.094159469849246,5333.035050181077
MIT,b3c0,555,2.0303046834170857,12068.62066734369
MIT,b3c0,556,2.095351629145729,3263.296717360609
MIT,b3c0,557,2.0714763718592963,17912.577104532724
MIT,b3c0,558,2.0875776020100503,4969.278910997513
MIT,b3c0,559,2.0793606075376885,4773.8333808093485
MIT,b3c0,560,2.0636004844221105,4960.208030497024
MIT,b3c0,561,2.063486569849246,5171.093315649338
MIT,b3c0,562,2.0775401301507537,6332.83751027147
MIT,b3c0,563,2.063502069346734,24661.636923079066
MIT,b3c0,564,2.0874811859296485,4825.245777375791
MIT,b3c0,565,,
MIT,b3c0,566,2.087458176884422,3926.528628909517
MIT,b3c0,567,2.0714618442211057,3859.9639432839485
MIT,b3c0,568,2.0857021085427134,4041.7314905069034
MIT,b3c0,569,2.029560720603015,6325.2627418880165
MIT,b3c0,570,2.023685824120603,14317.634184529596
MIT,b3c0,571,2.0872209326633167,3374.7466010758108
MIT,b3c0,572,2.0857784216080404,4863.68915618344
MIT,b3c0,573,2.0874509427135677,3735.4685646791995
MIT,b3c0,574,2.1031779477386934,4054.648244479907
MIT,b3c0,575,2.0874746462311555,4128.304590485732
MIT,b3c0,576,2.0316690753768847,6354.9461234304945
MIT,b3c0,577,2.0316519241206032,11369.711194480857
MIT,b3c0,578,2.054784798994975,12565.626109894505
MIT,b3c0,579,2.031727348241206,4576.963239344018
MIT,b3c0,580,2.071312511557789,4227.39130638274
MIT,b3c0,581,2.0714823693467337,4122.614837854601
MIT,b3c0,582,2.0770926010050252,6052.72551846789
MIT,b3c0,583,2.085294301005025,4124.593328041005
MIT,b3c0,584,2.071462168844221,5719.180290683578
MIT,b3c0,585,2.0635671407035177,8048.782702199223
MIT,b3c0,586,2.023652154271357,7161.737656384024
MIT,b3c0,587,2.0236239703517587,3366.6328115553897
MIT,b3c0,588,2.0873327974874374,3018.1868612573253
MIT,b3c0,589,2.0714529492462312,6779.927869752239
MIT,b3c0,590,2.0787121844221104,3916.0075402973425
MIT,b3c0,591,2.0793709648241205,6211.579597292548
MIT,b3c0,592,2.079421189447236,3842.977404732981
MIT,b3c0,593,2.079547256281407,6345.954036949685
MIT,b3c0,594,2.0795146582914574,104912.19636795638
MIT,b3c0,595,2.0316874748743716,3418.949278090555
MIT,b3c0,596,2.031656962311558,45935.57486137051
MIT,b3c0,597,2.071482272361809,5034.9213133011535
MIT,b3c0,598,,
MIT,b3c0,599,,
MIT,b3c0,600,2.0316582703517585,6237.036672621506
MIT,b3c0,601,2.0298917683417086,9410.641261205721
MIT,b3c0,602,2.02367381959799,5410.4347668746705
MIT,b3c0,603,2.031632273366834,22882.02713929789
MIT,b3c0,604,2.0237109050251254,5390.627951789545
MIT,b3c0,605,2.0216356798994974,5157.327658342286
MIT,b3c0,606,2.0236844532663314,6377.571730872072
MIT,b3c0,607,2.063537596984925,9006.215359821603
MIT,b3c0,608,2.0873624281407035,2796.906740244986
MIT,b3c0,609,2.079444413567839,5616.65366113595
MIT,b3c0,610,2.0634643482412063,7394.8943833015455
MIT,b3c0,611,,
MIT,b3c0,612,2.0713605603015073,4999.4088612252945
MIT,b3c0,613,2.0635814653266333,32623.74601526865
MIT,b3c0,614,,
MIT,b3c0,615,2.0873840246231157,3895.016322057919
MIT,b3c0,616,2.087428147236181,4754.216508798276
MIT,b3c0,617,2.031664559798995,12182.787066983936
MIT,b3c0,618,2.023775779396985,7309.229304955241
MIT,b3c0,619,2.0236449839195982,8303.408110703607
MIT,b3c0,620,2.0213644658291456,25793.409670662644
MIT,b3c0,621,2.0237220914572864,7369.771420038172
MIT,b3c0,622,2.029323141708543,13302.169749514629
MIT,b3c0,623,2.0214864361809046,1046127.4101759407
MIT,b3c0,624,2.079409703015075,3048.360114565602
MIT,b3c0,625,2.095281656281407,3312.5906631580497
MIT,b3c0,626,2.07137053919598,4825.917278380251
MIT,b3c0,627,2.0713536824120604,5676.720363813036
MIT,b3c0,628,2.077353319095477,14067.03829744305
MIT,b3c0,629,2.0787648251256283,3148.807590188895
MIT,b3c0,630,2.0396427507537687,5273.410117098421
MIT,b3c0,631,2.0794578185929646,4224.6719630730495
MIT,b3c0,632,,
MIT,b3c0,633,2.0795000592964823,11351.354690654493
MIT,b3c0,634,2.0695348005025127,6555.331131557151
MIT,b3c0,635,2.086770732160804,3734.479430345379
MIT,b3c0,636,2.071463164321608,5976.710498991427
MIT,b3c0,637,2.0712602281407033,8480.008101046707
MIT,b3c0,638,2.07930712160804,4954.427517584315
MIT,b3c0,639,2.0872423341708544,3891.7156079989754
MIT,b3c0,640,2.069379703517588,6094.801446423959
MIT,b3c0,641,2.063333848241206,4878.10168919637
MIT,b3c0,642,2.0952674467336685,4281.706449288969
MIT,b3c0,643,2.0866427753768844,35409.35823952228
MIT,b3c0,644,2.031603672361809,6653.294162328793
MIT,b3c0,645,2.0213623422110554,28402.15593426046
MIT,b3c0,646,2.069924272361809,4189.4203943463435
MIT,b3c0,647,2.0874421773869347,4184.245394286758
MIT,b3c0,648,2.0794677603015077,9649.141901996893
MIT,b3c0,649,2.0788470633165828,4925.254781104514
MIT,b3c0,650,2.0784310869346734,21545.693764022642
MIT,b3c0,651,2.0476014060301506,4834.219578665133
MIT,b3c0,652,2.031668654271357,5988.045763356744
MIT,b3c0,653,2.023165943718593,5195.063508102436
MIT,b3c0,654,2.063480964321608,3861.7133252141784
MIT,b3c0,655,2.0859804140703515,3679.87376592815
MIT,b3c0,656,2.0316330376884424,5946.492291355835
MIT,b3c0,657,2.031632950251256,5445.442091414528
MIT,b3c0,658,2.023276627638191,6363.472924776088
MIT,b3c0,659,2.079540596482412,4345.134102709437
MIT,b3c0,660,2.0794703683417084,42981.66235395048
MIT,b3c0,661,2.0856321994974873,3417.5904753616264
MIT,b3c0,662,2.078914740201005,7453.355814173361
MIT,b3c0,663,2.0836370658291457,3841.371538759597
MIT,b3c0,664,2.071538685427136,4138.588480008833
MIT,b3c0,665,2.0633531829145726,4008.81804173479
MIT,b3c0,666,2.079501,5985.375363206322
MIT,b3c0,667,2.087447766834171,5648.985086027316
MIT,b3c0,668,2.029785781407035,16476.923116377242
MIT,b3c0,669,,
MIT,b3c0,670,2.029518603517588,30477.933617478015
MIT,b3c0,671,2.031397696482412,131042.78756133169
MIT,b3c0,672,2.023434966331658,4788.530201265046
MIT,b3c0,673,2.023763638693467,14509.13640461855
MIT,b3c0,674,2.023043288442211,4457.805882758592
MIT,b3c0,675,,
MIT,b3c0,676,2.0236500693467336,4281.226403846929
MIT,b3c0,677,2.095195950753769,4891.295033887778
MIT,b3c0,678,,
MIT,b3c0,679,2.0715018824120603,37336.97574298247
MIT,b3c0,680,2.0953974010050254,3684.03256359808
MIT,b3c0,681,,
MIT,b3c0,682,2.031682249246231,13931.373133099012
MIT,b3c0,683,2.0395962552763818,8427.262794749475
MIT,b3c0,684,2.0237384834170853,2666.2043202812174
MIT,b3c0,685,2.0715179165829145,4822.809528939288
MIT,b3c0,686,2.0865629854271357,10046.375336174673
MIT,b3c0,687,2.071121563316583,6889.928161155967
MIT,b3c0,688,2.071557790954774,4289.434655349143
MIT,b3c0,689,2.071295027638191,4976.394981651521
MIT,b3c0,690,2.0714978572864324,5915.800049904494
MIT,b3c0,691,2.071542393467337,5770.2738757234765
MIT,b3c0,692,2.0856577959798996,3736.6529181590085
MIT,b3c0,693,2.0236707291457288,12735.19102729678
MIT,b3c0,694,2.071383779396985,4072.315187995421
MIT,b3c0,695,2.063417487437186,3920.3508208206276
MIT,b3c0,696,2.0874442984924624,3848.547892129549
MIT,b3c0,697,2.087300392964824,2971.4424321432552
MIT,b3c0,698,2.0695867814070352,7103.81909507047
MIT,b3c0,699,2.0789030130653265,4460.958961977057
MIT,b3c0,700,,
MIT,b3c0,701,2.0314810763819096,6882.3903574837805
MIT,b3c0,702,2.0316379944723617,6764.239981564859
MIT,b3c0,703,2.078450119095477,4539.347902890469
MIT,b3c0,704,2.093672684924623,3977.847218721818
MIT,b3c0,705,2.0853000095477388,3473.538084942775
MIT,b3c0,706,2.086868412562814,3564.049558608386
MIT,b3c0,707,2.0704659512562813,4076.503141957257
MIT,b3c0,708,2.0952547477386934,5369.387533882949
MIT,b3c0,709,2.0715525909547736,4193.055461055921
MIT,b3c0,710,2.095478728643216,3684.2941801109264
MIT,b3c0,711,2.0304549854271357,6288.9230820445355
MIT,b3c0,712,2.022008621105528,3682.65963114074
MIT,b3c0,713,2.0237299944723617,6319.616075572193
MIT,b3c0,714,2.0235992326633165,5798.075563680639
MIT,b3c0,715,2.0773536346733668,3508.4508658269615
MIT,b3c0,716,2.0782166537688442,54821.78526273047
MIT,b3c0,717,2.0852213306532663,5923.551222983517
MIT,b3c0,718,,
MIT,b3c0,719,2.07089906281407,5874.275904747805
MIT,b3c0,720,2.0790093216080403,4535.220897076275
MIT,b3c0,721,2.095243090954774,4490.726052344529
MIT,b3c0,722,2.0713794135678394,6632.053327034825
MIT,b3c0,723,2.0316551417085424,13147.373183946835
MIT,b3c0,724,2.0635469201005026,5196.774441201697
MIT,b3c0,725,2.0714026733668343,4531.025677314357
MIT,b3c0,726,2.079385574874372,6585.16588717009
MIT,b3c0,727,2.0850940879396984,3964.856397972792
MIT,b3c0,728,2.0692550361809046,4289.989232962549
MIT,b3c0,729,2.031709140201005,8698.123859612308
MIT,b3c0,730,,
MIT,b3c0,731,2.023702309045226,5131.223749439794
MIT,b3c0,732,2.0851847628140705,3489.9066043692183
MIT,b3c0,733,2.0851274492462313,3867.4116390249246
MIT,b3c0,734,2.0853353180904524,3794.2962369025345
MIT,b3c0,735,2.0715518165829145,28642.281970414424
MIT,b3c0,736,2.0237781854271355,5546.438272307539
MIT,b3c0,737,2.0794963658291454,4231.223572411996
MIT,b3c0,738,,
MIT,b3c0,739,2.0793923231155778,7883.092708872713
MIT,b3c0,740,2.069867735175879,7354.810541518818
MIT,b3c0,741,2.070392055276382,8125.601324981638
MIT,b3c0,742,2.0932117271356785,4046.3646296759434
MIT,b3c0,743,2.0710982432160803,4203.49547811742
MIT,b3c0,744,2.0930298683417083,7073.884566281557
MIT,b3c0,745,2.0785748979899497,4901.979555178283
MIT,b3c0,746,2.07937575879397,3967.577417179373
MIT,b3c0,747,2.0635736608040203,12100.957137031077
MIT,b3c0,748,2.0858480673366833,4495.486331369977
MIT,b3c0,749,2.0236731010050253,16269.861233915024
MIT,b3c0,750,2.0635611658291455,6230.144893844161
MIT,b3c0,751,2.0793574949748743,5425.001095472222
MIT,b3c0,752,2.071511059798995,597060.636952495
MIT,b3c0,753,2.031670682914573,6868.09024842251
MIT,b3c0,754,2.0237097396984924,15567.642563309377
MIT,b3c0,755,2.0237142994974877,8045.590008502902
MIT,b3c0,756,2.079488709547739,4464.889561687489
MIT,b3c0,757,,
MIT,b3c0,758,2.07758431758794,4680.458353971809
MIT,b3c0,759,2.0953782396984924,3902.886266140788
MIT,b3c0,760,2.0795177673366836,7299.417645868075
MIT,b3c0,761,2.0711176879396986,4243.8524227404805
MIT,b3c0,762,2.0715211246231156,5724.152515955995
MIT,b3c0,763,2.0715129994974877,4231.806032021232
MIT,b3c0,764,2.0715290522613063,4409.6886809972275
MIT,b3c0,765,2.079304336683417,8217.701563780267
MIT,b3c0,766,2.0397093487437186,5109.591991463889
MIT,b3c0,767,2.0316454396984924,12765.639907132267
MIT,b3c0,768,2.079396926130653,4005.786439522132
MIT,b3c0,769,2.087318592964824,4874.692975543969
MIT,b3c0,770,2.0635771467336683,5485.13020103828
MIT,b3c0,771,2.087329034170854,13027.171177817816
MIT,b3c0,772,2.0794949909547737,4773.149995440399
MIT,b3c0,773,2.0782079120603014,3981.798331029717
MIT,b3c0,774,2.0293299934673366,35778.23272243065
MIT,b3c0,775,2.0211981190954775,7532.553285148186
MIT,b3c0,776,2.0635154924623116,5220.354851666161
MIT,b3c0,777,2.0316547115577888,15652.13416646171
MIT,b3c0,778,2.0236838396984926,4427.644219468721
MIT,b3c0,779,2.079525091959799,3889.618218594076
MIT,b3c0,780,2.029425676884422,36106.36540680249
MIT,b3c0,781,2.0316338904522615,12759.307322977504
MIT,b3c0,782,2.071489790954774,5768.520549543952
MIT,b3c0,783,2.0714976753768846,4608.923636422723
MIT,b3c0,784,2.094398836683417,3831.492441616432
MIT,b3c0,785,2.0875081648241207,3975.2921980160163
MIT,b3c0,786,2.0857760894472364,5676.789675907739
MIT,b3c0,787,2.0298049648241205,13498.575768446008
MIT,b3c0,788,2.0237367869346734,5663.285166752214
MIT,b3c0,789,2.023650632160804,5570.16612839538
MIT,b3c0,790,2.0396594442211056,6345.405413086509
MIT,b3c0,791,2.031636649748744,14705.977937851316
MIT,b3c0,792,2.086310641708543,3770.059352185096
MIT,b3c0,793,2.183132403517588,13867.946205153205
MIT,b3c0,794,2.0954113502512564,3279.1722296895637
MIT,b3c0,795,2.087332618090452,8133.23013243218
MIT,b3c0,796,2.0872277341708543,4414.6671621368005
MIT,b3c0,797,2.070696847236181,4190.316565158293
MIT,b3c0,798,2.0715493567839194,26257.395467737268
MIT,b3c0,799,2.078143326130653,4479.653197490055
MIT,b3c0,800,2.071493006030151,5166.504937236788
MIT,b3c0,801,2.08515837839196,3722.550631222196
MIT,b3c0,802,,
MIT,b3c0,803,2.023706302512563,9776.795268387292
MIT,b3c0,804,2.0237048894472363,6087.679539713683
MIT,b3c0,805,2.0791547783919597,4040.854434067092
MIT,b3c0,806,2.070602240201005,5884.519226067933
MIT,b3c0,807,2.063594494974874,6133.193158323213
MIT,b3c0,808,2.071483130653266,6986.5883534332315
MIT,b3c0,809,2.071478466834171,3525.2954731006407
MIT,b3c0,810,2.071484379396985,1015524.7209653205
MIT,b3c0,811,2.0795165211055275,4250.736793914707
MIT,b3c0,812,2.063193879396985,4396.8214239720855
MIT,b3c0,813,2.0869300035175877,4252.1283051115115
MIT,b3c0,814,2.0696963190954776,14082.51662204945
MIT,b3c0,815,2.07148013919598,4486.576126594307
MIT,b3c0,816,2.0714711763819094,4168.150919147875
MIT,b3c0,817,2.09535835678392,3075.037287809663
MIT,b3c0,818,2.086925504522613,3556.9931116372527
MIT,b3c0,819,2.087410036683417,3984.4220869567944
MIT,b3c0,820,2.0715311547738695,5180.641517824227
MIT,b3c0,821,2.0785806718592963,11010.992339685974
MIT,b3c0,822,2.0787917939698493,4299.321704619751
MIT,b3c0,823,2.0947504934673367,3905.565456018854
MIT,b3c0,824,2.0795144311557787,5089.710819242966
MIT,b3c0,825,2.0635276733668344,3871.0188994602845
MIT,b3c0,826,2.029798535175879,7799.217215764393
MIT,b3c0,827,2.0157122582914573,5042.853010335784
MIT,b3c0,828,2.039398075879397,5615.458405918782
MIT,b3c0,829,2.0875123673366835,5306.013879389434
MIT,b3c0,830,,
MIT,b3c0,831,2.0711838763819097,16884.71860289022
MIT,b3c0,832,2.086705251758794,6419.226479601095
MIT,b3c0,833,2.0930158984924625,4093.7650455577777
MIT,b3c0,834,2.0953478663316583,3956.7988927777096
MIT,b3c0,835,2.0377542824120605,4186.098456764818
MIT,b3c0,836,2.0794171165829143,4431.905749594764
MIT,b3c0,837,2.093493747236181,4005.3538779821315
MIT,b3c0,838,2.079481304522613,7119.480720600357
MIT,b3c0,839,2.0792287859296485,6045.356014874002
MIT,b3c0,840,2.0794518527638193,3609.0427589614465
MIT,b3c0,841,2.078746036683417,7413.487093362558
MIT,b3c0,842,2.0396721005025125,12036.651221390197
MIT,b3c0,843,2.06958908040201,14237.082618030296
MIT,b3c0,844,2.071526107035176,5338.351563336737
MIT,b3c0,845,2.0873990175879396,10591.574695652364
MIT,b3c0,846,2.0795184788944723,5053.280832470835
MIT,b3c0,847,2.0865147095477385,4116.552946467055
MIT,b3c0,848,2.0305023979899497,6995.696809307807
MIT,b3c0,849,2.0304214809045225,16523.52082365496
MIT,b3c0,850,2.039688868844221,13124.389592271493
MIT,b3c0,851,2.0157576899497487,4986.475882984236
MIT,b3c0,852,2.03163791959799,19524.614373084863
MIT,b3c0,853,2.015740271356784,14081.006613726015
MIT,b3c0,854,2.0236868085427138,8690.091506050621
MIT,b3c0,855,2.0237365190954777,222395.75934039237
MIT,b3c0,856,2.0954318025125627,3992.4763614848544
MIT,b3c0,857,2.0795988693467335,4436.502594947497
MIT,b3c0,858,,
MIT,b3c0,859,2.08743438040201,5899.705662449522
MIT,b3c0,860,2.0714846015075374,104219.83410070161
MIT,b3c0,861,2.10150350201005,4988.750155254872
MIT,b3c0,862,2.0874561246231154,4248.38492350406
MIT,b3c0,863,2.023755685427136,6465.300532081291
MIT,b3c0,864,2.023742394472362,6347.119046571696
MIT,b3c0,865,2.039688637688442,4191.26495363036
MIT,b3c0,866,2.0949364809045226,3522.1620866585663
MIT,b3c0,867,2.0955097331658292,5844.502021987762
MIT,b3c0,868,2.0794597100502514,3935.4366936798965
MIT,b3c0,869,2.063570966331658,6491.543902384318
MIT,b3c0,870,2.063561443718593,4698.164811075434
MIT,b3c0,871,2.087428466834171,4142.126581509967
MIT,b3c0,872,2.0874707291457284,5921.942727608304
MIT,b3c0,873,2.0873726452261305,4258.710846408034
MIT,b3c0,874,2.079416748241206,4093.0023044893023
MIT,b3c0,875,2.023321174874372,5320.181715545732
MIT,b3c0,876,2.02369693718593,17725.543706675602
MIT,b3c0,877,2.023685031155779,13673.756825531927
MIT,b3c0,878,2.0694261311557787,4599.664770771676
MIT,b3c0,879,2.0236694386934673,11512.617971393978
MIT,b3c0,880,2.0227574683417084,66211.32548546427
MIT,b3c0,881,2.0316664246231153,7213.902594272186
MIT,b3c0,882,2.023680098994975,5718.594929665955
MIT,b3c0,883,2.023683228643216,19100.907955597937
MIT,b3c0,884,2.023666083919598,9852.694933718829
MIT,b3c0,885,2.087481386934673,5378.944392752808
MIT,b3c0,886,2.071483333165829,3929.7989119426556
MIT,b3c0,887,2.031654769849246,22949.53273382644
MIT,b3c0,888,,
MIT,b3c0,889,2.063639725125628,4889.27104540538
MIT,b3c0,890,,
MIT,b3c0,891,2.031691677386935,8696.915610096265
MIT,b3c0,892,2.02373514321608,9492.372156905465
MIT,b3c0,893,2.0396225190954773,96115.67138912244
MIT,b3c0,894,2.0396152351758796,6023.510888962017
MIT,b3c0,895,2.0305562211055275,25332.194510662448
MIT,b3c0,896,2.063519134673367,4264.936349992589
MIT,b3c0,897,2.0715568899497487,4158.896285522022
MIT,b3c0,898,,
MIT,b3c0,899,2.0635267854271357,4493.4678997737465
MIT,b3c0,900,2.087478127638191,4089.8618697672046
MIT,b3c0,901,2.0795692045226133,4208.6649015970315
MIT,b3c0,902,2.079503790954774,7783.878180583422
MIT,b3c0,903,2.031705770854271,10451.71012965131
MIT,b3c0,904,2.0156453396984926,7742.8270095883545
MIT,b3c0,905,2.031680710050251,12985.353670686643
MIT,b3c0,906,2.0216164834170853,3549.2991827707874
MIT,b3c0,907,2.031669328643216,9623.533442184196
MIT,b3c0,908,2.023737211557789,16232.29793188598
MIT,b3c0,909,2.0317147934673367,8697.693708075505
MIT,b3c0,910,2.06353001959799,4206.306742184338
MIT,b3c0,911,2.0317410542713565,6314.348271881336
MIT,b3c0,912,,
MIT,b3c0,913,2.0157589155778894,5151.831421906341
MIT,b3c0,914,2.07947002160804,4497.744747579021
MIT,b3c0,915,2.07950040201005,3985.8340298277362
MIT,b3c0,916,2.087370405025126,3551.468228132651
MIT,b3c0,917,2.0873853522613066,3909.781170377004
MIT,b3c0,918,2.07786871758794,5198.408826685748
MIT,b3c0,919,2.06351508040201,4356.954144027906
MIT,b3c0,920,2.039661281909548,8790.743792650594
MIT,b3c0,921,2.0215741718592963,9958.94831334879
MIT,b3c0,922,2.1033785577889446,3754.312119453997
MIT,b3c0,923,2.0792644778894473,12083.966616850634
MIT,b3c0,924,2.0932155924623115,3472.2147198164466
MIT,b3c0,925,2.0715943522613065,8076.495580686198
MIT,b3c0,926,2.0315659437185927,6938.396641879656
MIT,b3c0,927,2.095396884924623,4135.245048009221
MIT,b3c0,928,,
MIT,b3c0,929,2.0954248110552762,4049.5669707687475
MIT,b3c0,930,2.071540048241206,5568.836967923116
MIT,b3c0,931,2.031733250251256,14284.604213362429
MIT,b3c0,932,2.0316945582914574,6207.781112917061
MIT,b3c0,933,2.02144372160804,121167.44770132132
MIT,b3c0,934,2.079492862311558,3700.8799683464904
MIT,b3c0,935,2.079546603517588,3333.558140572894
MIT,b3c0,936,2.069225692964824,4287.4647345239455
MIT,b3c0,937,,
MIT,b3c0,938,2.031706657286432,10460.188479877237
MIT,b3c0,939,2.0236768512562815,13374.490020498943
MIT,b3c0,940,,
MIT,b3c0,941,2.0396326432160805,10994.80886268426
MIT,b3c0,942,2.0636018005025125,7297.449349270713
MIT,b3c0,943,,
MIT,b3c0,944,2.095455364321608,3907.0340443361874
MIT,b3c0,945,,
MIT,b3c0,946,2.07046173919598,7635.404568081976
MIT,b3c0,947,,
MIT,b3c0,948,2.078535015075377,4562.738716261085
MIT,b3c0,949,2.085440312562814,6875.423069668022
MIT,b3c0,950,2.0455364331658292,4838.459583747614
MIT,b3c0,951,,
MIT,b3c0,952,,
MIT,b3c0,953,2.0236978919597988,7837.548641296137
MIT,b3c0,954,,
MIT,b3c0,955,2.023742487437186,8569.545243641664
MIT,b3c0,956,2.103354753768844,3955.592881561498
MIT,b3c0,957,2.0710392738693466,4039.4713186006825
MIT,b3c0,958,2.0635808773869346,5503.590634915708
MIT,b3c0,959,,
MIT,b3c0,960,2.0236975487437183,8898.670415731036
MIT,b3c0,961,2.071572909045226,3730.7351148038792
MIT,b3c0,962,2.1033446623115575,3435.947616376775
MIT,b3c0,963,2.0458127050251256,3751.04099921906
MIT,b3c0,964,2.031690846231156,258129.72781657445
MIT,b3c0,965,2.0855404824120605,3922.5729929626837
MIT,b3c0,966,2.103362212562814,3713.9627542236653
MIT,b3c0,967,2.071614955276382,5559.004141966783
MIT,b3c0,968,,
MIT,b3c0,969,2.0875043010050254,4211.652724880967
MIT,b3c0,970,2.087413891959799,5628.808662231284
MIT,b3c0,971,2.063576750753769,4658.776186533559
MIT,b3c0,972,2.0874781809045224,4591.244167425635
MIT,b3c0,973,2.0635484351758793,16589.14598731049
MIT,b3c0,974,2.103115852763819,3408.449517969278
MIT,b3c0,975,2.0954251060301505,4547.946610484144
MIT,b3c0,976,2.087507686934673,4477.268054014533
MIT,b3c0,977,2.077506496984925,4546.833265395554
MIT,b3c0,978,2.0953619854271355,44840.44204771081
MIT,b3c0,979,2.0635275683417085,7228.555841882792
MIT,b3c0,980,2.0865446949748745,17872.911342491814
MIT,b3c0,981,2.0874117442211055,20763.554202680076
MIT,b3c0,982,2.095020363316583,3996.6449306675936
MIT,b3c0,983,2.0316873914572864,74029.67658713346
MIT,b3c0,984,2.0316726080402012,295459.4113350585
MIT,b3c0,985,2.031694527638191,6161.2148240824245
MIT,b3c0,986,2.151209091959799,11852.574445945394
MIT,b3c0,987,2.07154643718593,11365.693056678456
MIT,b3c0,988,2.0298152115577888,4301.238937169212
MIT,b3c0,989,2.0237251371859295,124815.66996747868
MIT,b3c0,990,2.030070967839196,32506.704121904604
MIT,b3c0,991,2.087436227638191,3501.9701365287765
MIT,b3c0,992,2.1112503547738695,3217.130334135121
MIT,b3c0,993,2.0874342326633166,50878.68026890554
MIT,b3c0,994,,
MIT,b3c0,995,2.09534918040201,5603.81160458798
MIT,b3c0,996,2.087444038693467,6986.7132239250395
MIT,b3c0,997,2.0317327959798996,21278.763792553727
MIT,b3c0,998,2.023687884924623,14651.668107354886
MIT,b3c0,999,2.071578493467337,11343.064041800457
MIT,b3c0,1000,2.0715260281407035,12852.298452376317
MIT,b3c0,1001,2.0875318080402008,33616.877034704565
MIT,b3c0,1002,2.0635577130653266,5314.3176758869395
MIT,b3c0,1003,2.093613822613065,3811.7713732582265
MIT,b3c0,1004,2.0636417979899497,4097.225717332162
MIT,b3c0,1005,2.09540675879397,4508.9915697504575
MIT,b3c0,1006,,
MIT,b3c0,1007,2.1033246376884422,15922.903735511194
MIT,b1c4,1,2.028661528643216,248657.58527979162
MIT,b1c4,2,2.071461343718593,5886.692160320787
MIT,b1c4,3,2.071447291959799,6073.285683224174
MIT,b1c4,4,2.0394836889447236,6923.275730062245
MIT,b1c4,5,2.071486926633166,7600.317206356096
MIT,b1c4,6,2.0714932005025126,6166.3324630737025
MIT,b1c4,7,2.0701811854271357,27874.268780069302
MIT,b1c4,8,2.0235258316582914,48596.407101910714
MIT,b1c4,9,2.069496024120603,5235.906447389066
MIT,b1c4,10,2.0314690226130656,8566.17817943701
MIT,b1c4,11,2.0830782979899496,9313.556154574468
MIT,b1c4,12,2.0863317130653267,7788.969101504414
MIT,b1c4,13,2.0795038522613067,9712.477324332911
MIT,b1c4,14,2.0700773261306535,7305.473141042428
MIT,b1c4,15,2.0794185974874373,6315.072300656961
MIT,b1c4,16,,
MIT,b1c4,17,2.0783392753768846,6047.597100144086
MIT,b1c4,18,2.0714961658291458,18970.07044973338
MIT,b1c4,19,,
MIT,b1c4,20,2.0793973668341708,23809.34811790181
MIT,b1c4,21,2.0714524236180902,6658.122623965484
MIT,b1c4,22,2.0689712025125626,6564.844345171858
MIT,b1c4,23,2.0714491547738696,5075.484060310662
MIT,b1c4,24,,
MIT,b1c4,25,2.0635022050251255,4745.607134126793
MIT,b1c4,26,2.079449458291457,8369.612657443686
MIT,b1c4,27,2.068576123115578,15426.099220685108
MIT,b1c4,28,2.0714844874371856,5109.29871861404
MIT,b1c4,29,2.0714716497487435,5793.040636697706
MIT,b1c4,30,2.087425284924623,5479.246071119085
MIT,b1c4,31,2.023495038190955,4990.078793276675
MIT,b1c4,32,2.0767250934673367,5196.740361805189
MIT,b1c4,33,2.0844741542713567,7549.837719572788
MIT,b1c4,34,2.0794180271356786,5671.880255707254
MIT,b1c4,35,2.0842699185929647,10599.258896973097
MIT,b1c4,36,2.0874354889447235,5566.615516748467
MIT,b1c4,37,2.0793663266331657,13391.410691921648
MIT,b1c4,38,2.0874053487437187,5291.882808015169
MIT,b1c4,39,2.0769630959798997,8876.06189589277
MIT,b1c4,40,2.0394189221105528,6614.662822366534
MIT,b1c4,41,2.023572532160804,8648.451632633802
MIT,b1c4,42,2.0475142442211056,4727.001891315073
MIT,b1c4,43,2.0221252522613065,5375.710027725112
MIT,b1c4,44,2.023496149748744,5383.243656296014
MIT,b1c4,45,2.0711940477386936,4563.4483097673565
MIT,b1c4,46,2.0291159728643215,10615.353760184915
MIT,b1c4,47,2.063480861809045,5254.2386419693285
MIT,b1c4,48,2.0768775326633167,5156.0814010198
MIT,b1c4,49,2.079447132160804,5387.759158642884
MIT,b1c4,50,2.087431047236181,5047.484093212014
MIT,b1c4,51,2.087460698492462,4640.998727238256
MIT,b1c4,52,,
MIT,b1c4,53,2.0862074030150755,4463.147279602827
MIT,b1c4,54,2.0874210693467337,4519.211380711632
MIT,b1c4,55,,
MIT,b1c4,56,2.077300940201005,5549.35911277927
MIT,b1c4,57,2.07866143919598,5250.381967873799
MIT,b1c4,58,2.071459914572864,5026.865983021168
MIT,b1c4,59,2.079405389949749,5250.664229158024
MIT,b1c4,60,2.0777864663316583,4386.982510012802
MIT,b1c4,61,2.0697754130653268,5771.104870405915
MIT,b1c4,62,2.0940007859296483,4071.9981689672395
MIT,b1c4,63,2.085185801005025,7678.819599076674
MIT,b1c4,64,2.0315391256281408,7095.389076365165
MIT,b1c4,65,2.0794878763819096,4201.270364072664
MIT,b1c4,66,,
MIT,b1c4,67,2.084885958291457,5415.311741263552
MIT,b1c4,68,2.070242890954774,4336.75574804915
MIT,b1c4,69,2.0772582417085426,4898.573583497311
MIT,b1c4,70,,
MIT,b1c4,71,2.0634628592964823,3787.005766233207
MIT,b1c4,72,2.0794825396984926,5662.267027833373
MIT,b1c4,73,2.0873851351758796,4451.052403961219
MIT,b1c4,74,2.0793942914572865,4984.634233727306
MIT,b1c4,75,2.069890671859296,25513.100612442813
MIT,b1c4,76,,
MIT,b1c4,77,2.0702448577889445,5546.945312107447
MIT,b1c4,78,2.0873443386934674,21619.938118835038
MIT,b1c4,79,2.0712120402010052,38233.099055146806
MIT,b1c4,80,2.0794728959798996,4040.8151599911557
MIT,b1c4,81,2.0711457150753767,5593.389895814726
MIT,b1c4,82,2.0874519316582916,5131.642428168884
MIT,b1c4,83,2.079219459798995,4030.0238194905755
MIT,b1c4,84,2.079437815075377,4394.214485687945
MIT,b1c4,85,2.086589208040201,3880.014356898071
MIT,b1c4,86,,
MIT,b1c4,87,2.087411667839196,3724.352232588427
MIT,b1c4,88,2.063428910050251,5175.113001985128
MIT,b1c4,89,,
MIT,b1c4,90,,
MIT,b1c4,91,,
MIT,b1c4,92,2.0874417653266333,5274.5338856011695
MIT,b1c4,93,2.0865092140703516,5895.446852968049
MIT,b1c4,94,,
MIT,b1c4,95,,
MIT,b1c4,96,2.031489411557789,4757.834392031422
MIT,b1c4,97,2.0793776040201006,4777.901036514778
MIT,b1c4,98,2.079454622110553,3854.062448687878
MIT,b1c4,99,,
MIT,b1c4,100,2.0714574809045225,21764.04438647243
MIT,b1c4,101,2.0793943442211056,3657.888737790685
MIT,b1c4,102,,
MIT,b1c4,103,2.0783934743718593,4692.045133705904
MIT,b1c4,104,,
MIT,b1c4,105,2.0794382798994975,4152.233826055814
MIT,b1c4,106,2.0315169336683416,4900.014430350173
MIT,b1c4,107,2.079442688442211,3644.598214390003
MIT,b1c4,108,,
MIT,b1c4,109,,
MIT,b1c4,110,2.079432679396985,5242.30302649969
MIT,b1c4,111,,
MIT,b1c4,112,2.0874009693467337,10304.007831536157
MIT,b1c4,113,2.0709106532663317,11014.110550853751
MIT,b1c4,114,,
MIT,b1c4,115,2.031514765829146,10498.080596780444
MIT,b1c4,116,2.0794034391959797,3975.195490423267
MIT,b1c4,117,2.023497022110553,4980.8707391502485
MIT,b1c4,118,2.031470403015075,4550.561207007805
MIT,b1c4,119,2.0234757130653267,6114.697285182591
MIT,b1c4,120,2.0697598542713567,4478.887540451175
MIT,b1c4,121,,
MIT,b1c4,122,2.0314776005025124,10968.424099959924
MIT,b1c4,123,,
MIT,b1c4,124,,
MIT,b1c4,125,2.0794452507537686,4111.832411632174
MIT,b1c4,126,2.079406857286432,3707.6485556245425
MIT,b1c4,127,2.0235231984924624,4432.073579258731
MIT,b1c4,128,,
MIT,b1c4,129,,
MIT,b1c4,130,,
MIT,b1c4,131,2.063413475879397,6143.272506574965
MIT,b1c4,132,,
MIT,b1c4,133,2.0714833306532663,6601.992201570877
MIT,b1c4,134,,
MIT,b1c4,135,2.0235201432160803,3883.7219597264757
MIT,b1c4,136,2.031452962311558,6679.033778896195
MIT,b1c4,137,,
MIT,b1c4,138,,
MIT,b1c4,139,,
MIT,b1c4,140,,
MIT,b1c4,141,,
MIT,b1c4,142,,
MIT,b1c4,143,,
MIT,b1c4,144,,
MIT,b1c4,145,2.079418594472362,3734.0524581278974
MIT,b1c4,146,2.0871798075376886,9955.169233806188
MIT,b1c4,147,,
MIT,b1c4,148,,
MIT,b1c4,149,,
MIT,b1c4,150,,
MIT,b1c4,151,2.023475381407035,4731.129846046558
MIT,b1c4,152,2.031499656281407,43624.118349579
MIT,b1c4,153,,
MIT,b1c4,154,,
MIT,b1c4,155,2.0314955899497487,7116.8198430941675
MIT,b1c4,156,,
MIT,b1c4,157,2.0385949673366834,3950.419060064074
MIT,b1c4,158,2.0314836567839194,52246.8392877376
MIT,b1c4,159,2.03098291959799,313946.3631058164
MIT,b1c4,160,,
MIT,b1c4,161,2.0314474150753767,4027.0407164345133
MIT,b1c4,162,2.0699928396984926,7066.244039658321
MIT,b1c4,163,2.023473535678392,5776.452959957855
MIT,b1c4,164,,
MIT,b1c4,165,2.02348088040201,4134.1137114236035
MIT,b1c4,166,,
MIT,b1c4,167,,
MIT,b1c4,168,,
MIT,b1c4,169,,
MIT,b1c4,170,,
MIT,b1c4,171,,
MIT,b1c4,172,,
MIT,b1c4,173,,
MIT,b1c4,174,,
MIT,b1c4,175,,
MIT,b1c4,176,2.0314630120603017,5855.438354688858
MIT,b1c4,177,2.0234454582914574,3666.123431387452
MIT,b1c4,178,2.0235492432160807,20547.256560049405
MIT,b1c4,179,2.079429767839196,3645.709671860284
MIT,b1c4,180,,
MIT,b1c4,181,2.0873299763819095,12577.44072499467
MIT,b1c4,182,,
MIT,b1c4,183,,
MIT,b1c4,184,,
MIT,b1c4,185,,
MIT,b1c4,186,2.0314863844221107,25543.98144652242
MIT,b1c4,187,,
MIT,b1c4,188,,
MIT,b1c4,189,,
MIT,b1c4,190,,
MIT,b1c4,191,,
MIT,b1c4,192,,
MIT,b1c4,193,,
MIT,b1c4,194,2.0314873487437186,5968.848255460771
MIT,b1c4,195,,
MIT,b1c4,196,2.0234956638190953,6759.308588843009
MIT,b1c4,197,,
MIT,b1c4,198,2.063458735175879,4512.166279202099
MIT,b1c4,199,2.087374587437186,4262.017371439074
MIT,b1c4,200,2.086581940201005,3572.362580818747
MIT,b1c4,201,,
MIT,b1c4,202,,
MIT,b1c4,203,,
MIT,b1c4,204,,
MIT,b1c4,205,,
MIT,b1c4,206,2.02350519798995,4336.977167404
MIT,b1c4,207,,
MIT,b1c4,208,,
MIT,b1c4,209,,
MIT,b1c4,210,,
MIT,b1c4,211,2.0307728412060304,7770.59928375884
MIT,b1c4,212,,
MIT,b1c4,213,2.0234722974874373,4843.951295570547
MIT,b1c4,214,,
MIT,b1c4,215,2.0314468869346736,16136.973967356265
MIT,b1c4,216,,
MIT,b1c4,217,,
MIT,b1c4,218,,
MIT,b1c4,219,,
MIT,b1c4,220,,
MIT,b1c4,221,2.0313359829145727,4323.660558668997
MIT,b1c4,222,,
MIT,b1c4,223,,
MIT,b1c4,224,,
MIT,b1c4,225,2.0235222135678392,5139.927030531919
MIT,b1c4,226,,
MIT,b1c4,227,2.0314635065326634,10822.079568661109
MIT,b1c4,228,2.0314974105527637,6393.672289424167
MIT,b1c4,229,,
MIT,b1c4,230,,
MIT,b1c4,231,2.0155604864321606,95795.91362545924
MIT,b1c4,232,2.0234609673366832,8449.863164554094
MIT,b1c4,233,,
MIT,b1c4,234,,
MIT,b1c4,235,,
MIT,b1c4,236,2.06338827839196,4641.026300070173
MIT,b1c4,237,2.0874332100502513,4525.855960634937
MIT,b1c4,238,,
MIT,b1c4,239,,
MIT,b1c4,240,,
MIT,b1c4,241,,
MIT,b1c4,242,,
MIT,b1c4,243,2.0874019386934672,21352.253522086525
MIT,b1c4,244,,
MIT,b1c4,245,2.0231178859296484,5895.24287740279
MIT,b1c4,246,,
MIT,b1c4,247,2.0314594899497487,5642.25189179553
MIT,b1c4,248,,
MIT,b1c4,249,,
MIT,b1c4,250,,
MIT,b1c4,251,2.0314807422110555,6054.197506449477
MIT,b1c4,252,,
MIT,b1c4,253,,
MIT,b1c4,254,2.031509025125628,5730.725217531479
MIT,b1c4,255,,
MIT,b1c4,256,,
MIT,b1c4,257,,
MIT,b1c4,258,,
MIT,b1c4,259,,
MIT,b1c4,260,,
MIT,b1c4,261,2.023484305527638,21647.975699510516
MIT,b1c4,262,,
MIT,b1c4,263,2.0235354829145726,5488.857468457927
MIT,b1c4,264,2.031504075879397,15632.657082938138
MIT,b1c4,265,2.0234383,4842.381132990795
MIT,b1c4,266,,
MIT,b1c4,267,,
MIT,b1c4,268,,
MIT,b1c4,269,2.0315668934673368,5111.1517021461195
MIT,b1c4,270,,
MIT,b1c4,271,,
MIT,b1c4,272,,
MIT,b1c4,273,,
MIT,b1c4,274,,
MIT,b1c4,275,,
MIT,b1c4,276,2.023513754271357,15589.850624473647
MIT,b1c4,277,,
MIT,b1c4,278,2.0235267914572863,6280.528214458009
MIT,b1c4,279,,
MIT,b1c4,280,2.0315002291457285,5141.098595988153
MIT,b1c4,281,,
MIT,b1c4,282,2.031530785427136,7224.6576131874735
MIT,b1c4,283,2.0235003914572864,13016.194909281481
MIT,b1c4,284,2.023505797487437,5822.3793401691455
MIT,b1c4,285,,
MIT,b1c4,286,2.03950143919598,6183.8208840467505
MIT,b1c4,287,,
MIT,b1c4,288,,
MIT,b1c4,289,,
MIT,b1c4,290,,
MIT,b1c4,291,,
MIT,b1c4,292,2.0235315477386933,4310.162812797075
MIT,b1c4,293,2.023490882914573,3617.2334883641224
MIT,b1c4,294,2.031106992964824,5012.299238588814
MIT,b1c4,295,,
MIT,b1c4,296,,
MIT,b1c4,297,,
MIT,b1c4,298,2.023495930150754,20590.695298248695
MIT,b1c4,299,,
MIT,b1c4,300,,
MIT,b1c4,301,2.0155049603015076,20593.888682190212
MIT,b1c4,302,,
MIT,b1c4,303,,
MIT,b1c4,304,2.039434826633166,3955.959585643131
MIT,b1c4,305,2.0235171683417086,27659.96234411435
MIT,b1c4,306,,
MIT,b1c4,307,,
MIT,b1c4,308,2.0705461708542714,7647.566620134883
MIT,b1c4,309,,
MIT,b1c4,310,,
MIT,b1c4,311,,
MIT,b1c4,312,,
MIT,b1c4,313,2.0714763316582916,4245.746224007273
MIT,b1c4,314,,
MIT,b1c4,315,2.023467561809045,36276.372743718246
MIT,b1c4,316,,
MIT,b1c4,317,,
MIT,b1c4,318,,
MIT,b1c4,319,,
MIT,b1c4,320,,
MIT,b1c4,321,2.0314569934673368,7170.729384185353
MIT,b1c4,322,,
MIT,b1c4,323,,
MIT,b1c4,324,,
MIT,b1c4,325,2.0315416105527637,63455.97169164374
MIT,b1c4,326,2.023476750753769,17157.586675956565
MIT,b1c4,327,,
MIT,b1c4,328,,
MIT,b1c4,329,,
MIT,b1c4,330,2.0235027236180905,4098.755054999184
MIT,b1c4,331,,
MIT,b1c4,332,,
MIT,b1c4,333,,
MIT,b1c4,334,,
MIT,b1c4,335,,
MIT,b1c4,336,,
MIT,b1c4,337,2.0315002326633165,14094.49161194987
MIT,b1c4,338,,
MIT,b1c4,339,,
MIT,b1c4,340,,
MIT,b1c4,341,2.06342734120603,4390.167827849869
MIT,b1c4,342,,
MIT,b1c4,343,2.0314767291457287,4047.6015696500835
MIT,b1c4,344,2.0794493723618093,3541.556313342354
MIT,b1c4,345,2.0314689748743717,10186.38244673294
MIT,b1c4,346,,
MIT,b1c4,347,,
MIT,b1c4,348,2.031518718592965,7842.366161684031
MIT,b1c4,349,2.023469943718593,4292.818966687008
MIT,b1c4,350,2.0227811979899495,4507.874782223616
MIT,b1c4,351,2.031464096482412,12058.762442323485
MIT,b1c4,352,2.071475822613065,4184.2974732736975
MIT,b1c4,353,2.0794291663316584,10520.24874879585
MIT,b1c4,354,,
MIT,b1c4,355,2.0873370145728645,3172.0872490825245
MIT,b1c4,356,2.0235308442211055,9453.91968747247
MIT,b1c4,357,,
MIT,b1c4,358,2.0155007221105525,4268.667182411846
MIT,b1c4,359,,
MIT,b1c4,360,2.0234806663316585,5576.736706863589
MIT,b1c4,361,,
MIT,b1c4,362,2.0234645326633167,91946.74742487108
MIT,b1c4,363,2.0234951050251255,7423.0100225086935
MIT,b1c4,364,2.0235337758793968,3915.349563555238
MIT,b1c4,365,,
MIT,b1c4,366,2.0314748005025125,8885.373530356657
MIT,b1c4,367,,
MIT,b1c4,368,,
MIT,b1c4,369,,
MIT,b1c4,370,2.087330892964824,3112.98056248195
MIT,b1c4,371,2.047457155276382,8977.535943481926
MIT,b1c4,372,2.023475822110553,4954.118260168832
MIT,b1c4,373,,
MIT,b1c4,374,,
MIT,b1c4,375,2.0793748592964825,3391.55154668563
MIT,b1c4,376,2.02351324120603,6858.989435500887
MIT,b1c4,377,,
MIT,b1c4,378,2.0794861025125626,4247.320682639781
MIT,b1c4,379,2.0873990587939697,23581.091264539707
MIT,b1c4,380,2.087361804522613,3553.7011386199697
MIT,b1c4,381,2.071442059798995,6299.635577715977
MIT,b1c4,382,2.0794653497487436,3939.898059305674
MIT,b1c4,383,,
MIT,b1c4,384,2.0873905457286432,3736.2986879805176
MIT,b1c4,385,2.0314668798994973,11959.436452782275
MIT,b1c4,386,,
MIT,b1c4,387,,
MIT,b1c4,388,,
MIT,b1c4,389,2.0155189040201007,597715.717385537
MIT,b1c4,390,2.079370453768844,3717.2455768071136
MIT,b1c4,391,2.079419101005025,3393.832201127109
MIT,b1c4,392,2.087374540201005,3107.6531376024386
MIT,b1c4,393,2.0874084567839195,4392.872783698057
MIT,b1c4,394,2.0873758708542716,6962.9847197048775
MIT,b1c4,395,,
MIT,b1c4,396,,
MIT,b1c4,397,2.079428326130653,6661.9487993821085
MIT,b1c4,398,,
MIT,b1c4,399,2.0714175648241206,3299.265407625371
MIT,b1c4,400,,
MIT,b1c4,401,2.0235281407035175,7533.826216928985
MIT,b1c4,402,2.0235038246231154,7448.865717049741
MIT,b1c4,403,,
MIT,b1c4,404,2.0314750472361807,127738.14479346249
MIT,b1c4,405,2.0231460261306533,7558.721002528232
MIT,b1c4,406,2.0315092206030148,7475.755769141562
MIT,b1c4,407,2.0234891728643216,5415.304969335437
MIT,b1c4,408,2.079393607035176,3124.775251306423
MIT,b1c4,409,2.0793648894472363,3481.989802111407
MIT,b1c4,410,2.079402345728643,3347.320702376647
MIT,b1c4,411,,
MIT,b1c4,412,,
MIT,b1c4,413,2.079399865326633,3005.89021266279
MIT,b1c4,414,2.0794230979899497,3269.415828957035
MIT,b1c4,415,,
MIT,b1c4,416,2.0235099261306533,14469.167882002417
MIT,b1c4,417,,
MIT,b1c4,418,,
MIT,b1c4,419,2.0234999798994977,134783.8032362609
MIT,b1c4,420,2.02352348040201,5328.878115951889
MIT,b1c4,421,,
MIT,b1c4,422,,
MIT,b1c4,423,2.015521527638191,5881.2510560830815
MIT,b1c4,424,2.039478272361809,3733.262709034979
MIT,b1c4,425,,
MIT,b1c4,426,,
MIT,b1c4,427,,
MIT,b1c4,428,,
MIT,b1c4,429,2.022132298994975,6953.209235724931
MIT,b1c4,430,,
MIT,b1c4,431,,
MIT,b1c4,432,,
MIT,b1c4,433,2.0234634909547737,5549.594505529248
MIT,b1c4,434,,
MIT,b1c4,435,2.031549220603015,171016.82249575097
MIT,b1c4,436,2.0235078673366833,5363.726160237012
MIT,b1c4,437,,
MIT,b1c4,438,,
MIT,b1c4,439,,
MIT,b1c4,440,2.0714050030150752,3690.504438685743
MIT,b1c4,441,,
MIT,b1c4,442,2.0314642015075375,7165.956306344146
MIT,b1c4,443,,
MIT,b1c4,444,2.07144037839196,3820.454988892508
MIT,b1c4,445,,
MIT,b1c4,446,2.0234898412060303,21099.22469815785
MIT,b1c4,447,2.0234941763819094,9494.467416045829
MIT,b1c4,448,2.023222493969849,4544.6482508899935
MIT,b1c4,449,,
MIT,b1c4,450,,
MIT,b1c4,451,2.02350561959799,4103.680520945008
MIT,b1c4,452,2.030691114070352,7603.236286619742
MIT,b1c4,453,,
MIT,b1c4,454,,
MIT,b1c4,455,2.0873410271356785,3134.910525784412
MIT,b1c4,456,2.0874396512562816,3818.055957830701
MIT,b1c4,457,2.079421294472362,4359.493050510084
MIT,b1c4,458,,
MIT,b1c4,459,2.079438527638191,10839.994498186912
MIT,b1c4,460,,
MIT,b1c4,461,2.063444061809045,4958.555118203418
MIT,b1c4,462,2.071427905527638,3584.344106737023
MIT,b1c4,463,,
MIT,b1c4,464,,
MIT,b1c4,465,2.0714452924623115,9162.775536242068
MIT,b1c4,466,,
MIT,b1c4,467,2.0794225678391958,3609.566532963393
MIT,b1c4,468,,
MIT,b1c4,469,2.0234794989949747,3641.1011088359514
MIT,b1c4,470,,
MIT,b1c4,471,,
MIT,b1c4,472,2.071425155276382,3750.400285439279
MIT,b1c4,473,,
MIT,b1c4,474,2.0714629396984923,4272.974456601538
MIT,b1c4,475,,
MIT,b1c4,476,,
MIT,b1c4,477,2.031514481909548,5586.332822914621
MIT,b1c4,478,2.0793523110552763,3666.8751321566415
MIT,b1c4,479,2.0794283693467337,7747.764558534758
MIT,b1c4,480,,
MIT,b1c4,481,,
MIT,b1c4,482,2.0708529417085426,2997.9038077301375
MIT,b1c4,483,,
MIT,b1c4,484,2.0314762336683416,6348.566757714687
MIT,b1c4,485,2.079490977386935,3456.8787653573954
MIT,b1c4,486,,
MIT,b1c4,487,,
MIT,b1c4,488,,
MIT,b1c4,489,2.0874667030150755,4369.5480685257435
MIT,b1c4,490,,
MIT,b1c4,491,,
MIT,b1c4,492,2.0874117899497486,4390.12470000304
MIT,b1c4,493,2.02350466080402,3737.2621950001476
MIT,b1c4,494,2.023520398492462,10289.274478251542
MIT,b1c4,495,,
MIT,b1c4,496,2.071428504522613,3500.697987655224
MIT,b1c4,497,,
MIT,b1c4,498,,
MIT,b1c4,499,2.0714655718592963,4748.583516114071
MIT,b1c4,500,,
MIT,b1c4,501,,
MIT,b1c4,502,2.031479052763819,4555.716703463921
MIT,b1c4,503,2.0315215914572864,13580.745872427167
MIT,b1c4,504,,
MIT,b1c4,505,,
MIT,b1c4,506,,
MIT,b1c4,507,,
MIT,b1c4,508,2.0235087110552765,12072.391358897934
MIT,b1c4,509,,
MIT,b1c4,510,,
MIT,b1c4,511,2.0235595944723617,7682.317124482259
MIT,b1c4,512,,
MIT,b1c4,513,2.071388142211055,18631.107289569118
MIT,b1c4,514,,
MIT,b1c4,515,2.0714540522613065,49283.54031824079
MIT,b1c4,516,,
MIT,b1c4,517,2.087417776884422,4135.83380352437
MIT,b1c4,518,2.079430803015075,3289.5194514675204
MIT,b1c4,519,,
MIT,b1c4,520,,
MIT,b1c4,521,,
MIT,b1c4,522,,
MIT,b1c4,523,,
MIT,b1c4,524,2.071490310552764,4446.482022776987
MIT,b1c4,525,,
MIT,b1c4,526,,
MIT,b1c4,527,2.079390318592965,7983.71159218381
MIT,b1c4,528,2.0793718085427138,2971.6829822395594
MIT,b1c4,529,,
MIT,b1c4,530,,
MIT,b1c4,531,2.02352880201005,6277.847121659742
MIT,b1c4,532,,
MIT,b1c4,533,,
MIT,b1c4,534,,
MIT,b1c4,535,2.0793826477386936,3432.45840763898
MIT,b1c4,536,2.0714881417085427,9407.195647704359
MIT,b1c4,537,,
MIT,b1c4,538,,
MIT,b1c4,539,2.0235322603015073,4584.4875849162145
MIT,b1c4,540,,
MIT,b1c4,541,,
MIT,b1c4,542,2.0714898185929647,4143.84550630504
MIT,b1c4,543,2.0713845442211056,3629.6381423711036
MIT,b1c4,544,2.0873874502512564,9686.799325103753
MIT,b1c4,545,2.0714699969849244,4176.921137239604
MIT,b1c4,546,,
MIT,b1c4,547,,
MIT,b1c4,548,,
MIT,b1c4,549,,
MIT,b1c4,550,2.023381126633166,5323.029608808681
MIT,b1c4,551,,
MIT,b1c4,552,2.0714764371859298,4982.269771278276
MIT,b1c4,553,,
MIT,b1c4,554,,
MIT,b1c4,555,2.0235423291457284,7176.534981903212
MIT,b1c4,556,2.023544840201005,4172.3696743251
MIT,b1c4,557,,
MIT,b1c4,558,,
MIT,b1c4,559,,
MIT,b1c4,560,2.0714535020100504,6073.086445968064
MIT,b1c4,561,,
MIT,b1c4,562,,
MIT,b1c4,563,,
MIT,b1c4,564,2.0714501824120606,8345.69210501235
MIT,b1c4,565,,
MIT,b1c4,566,,
MIT,b1c4,567,2.0234901567839194,13862.554791063849
MIT,b1c4,568,2.0715314547738695,5795.280422192173
MIT,b1c4,569,2.071454406532663,6920.092661510355
MIT,b1c4,570,2.0713441291457286,5305.012850306354
MIT,b1c4,571,2.0714060708542714,8214.889673909507
MIT,b1c4,572,,
MIT,b1c4,573,2.0634192422110553,48457.41437479564
MIT,b1c4,574,2.0235072512562815,3463.740782402439
MIT,b1c4,575,,
MIT,b1c4,576,2.0794537994974873,4082.123612220194
MIT,b1c4,577,,
MIT,b1c4,578,,
MIT,b1c4,579,2.07147158241206,4785.266014567208
MIT,b1c4,580,2.0155206959798995,5391.654329723258
MIT,b1c4,581,2.0315041381909547,17289.303706323124
MIT,b1c4,582,2.023552633668342,6328.251607866307
MIT,b1c4,583,,
MIT,b1c4,584,,
MIT,b1c4,585,2.031539326633166,5883.755644604986
MIT,b1c4,586,2.0234838798994974,13065.142996689445
MIT,b1c4,587,2.0235307507537685,5174.759141561322
MIT,b1c4,588,2.0227375487437187,3865.3246614531636
MIT,b1c4,589,,
MIT,b1c4,590,2.031480344723618,12246.528728638325
MIT,b1c4,591,,
MIT,b1c4,592,,
MIT,b1c4,593,2.0235199351758792,7733.009762506839
MIT,b1c4,594,,
MIT,b1c4,595,,
MIT,b1c4,596,,
MIT,b1c4,597,,
MIT,b1c4,598,,
MIT,b1c4,599,,
MIT,b1c4,600,,
MIT,b1c4,601,2.071412497487437,7850.0245762032655
MIT,b1c4,602,2.0714691839195982,4498.741459338993
MIT,b1c4,603,,
MIT,b1c4,604,,
MIT,b1c4,605,,
MIT,b1c4,606,,
MIT,b1c4,607,2.0474241994974873,3150.814387386481
MIT,b1c4,608,,
MIT,b1c4,609,,
MIT,b1c4,610,,
MIT,b1c4,611,2.0235156814070354,4034.772370321547
MIT,b1c4,612,2.015496033165829,19041.236952213774
MIT,b1c4,613,,
MIT,b1c4,614,,
MIT,b1c4,615,,
MIT,b1c4,616,,
MIT,b1c4,617,2.0474345,3432.4628759007574
MIT,b1c4,618,2.0235558743718594,4626.927700131333
MIT,b1c4,619,,
MIT,b1c4,620,2.0234939005025128,15008.040761546185
MIT,b1c4,621,2.0234889939698495,3986.462135471308
MIT,b1c4,622,,
MIT,b1c4,623,,
MIT,b1c4,624,,
MIT,b1c4,625,,
MIT,b1c4,626,,
MIT,b1c4,627,,
MIT,b1c4,628,,
MIT,b1c4,629,2.0714792381909546,4518.804161318465
MIT,b1c4,630,,
MIT,b1c4,631,,
MIT,b1c4,632,2.023444269346734,6730.3473029865945
MIT,b1c4,633,,
MIT,b1c4,634,2.023531782914573,201375.1184115081
MIT,b1c4,635,2.0235685165829147,5000.944116329971
MIT,b1c4,636,,
MIT,b1c4,637,2.0315589728643215,6572.383421463903
MIT,b1c4,638,,
MIT,b1c4,639,,
MIT,b1c4,640,,
MIT,b1c4,641,2.071468674371859,8872.389066127826
MIT,b1c4,642,2.095450258291457,3890.1630009666587
MIT,b1c4,643,,
MIT,b1c4,644,,
MIT,b1c4,645,,
MIT,b1c4,646,,
MIT,b1c4,647,,
MIT,b1c4,648,,
MIT,b1c4,649,,
MIT,b1c4,650,2.0713904050251255,7705.2173171252925
MIT,b1c4,651,,
MIT,b1c4,652,2.023512989447236,3499.3180666543594
MIT,b1c4,653,2.0315442623115576,5309.555790564087
MIT,b1c4,654,,
MIT,b1c4,655,,
MIT,b1c4,656,,
MIT,b1c4,657,2.0315115562814072,27436.859659877155
MIT,b1c4,658,,
MIT,b1c4,659,2.0235141648241206,8903.926037068606
MIT,b1c4,660,,
MIT,b1c4,661,,
MIT,b1c4,662,,
MIT,b1c4,663,,
MIT,b1c4,664,,
MIT,b1c4,665,,
MIT,b1c4,666,,
MIT,b1c4,667,2.0235015075376883,4181.828821559009
MIT,b1c4,668,,
MIT,b1c4,669,2.031162513065327,9914.30816646996
MIT,b1c4,670,,
MIT,b1c4,671,2.031514243718593,20822.187148424695
MIT,b1c4,672,,
MIT,b1c4,673,,
MIT,b1c4,674,2.0234710432160803,5393.443287433247
MIT,b1c4,675,,
MIT,b1c4,676,,
MIT,b1c4,677,,
MIT,b1c4,678,2.0233869758793968,5226.905483822037
MIT,b1c4,679,2.0234874180904523,4600.240461466304
MIT,b1c4,680,,
MIT,b1c4,681,,
MIT,b1c4,682,,
MIT,b1c4,683,,
MIT,b1c4,684,,
MIT,b1c4,685,2.015517262311558,8433.100044878222
MIT,b1c4,686,,
MIT,b1c4,687,,
MIT,b1c4,688,2.0235445638190956,4131.6795477879605
MIT,b1c4,689,,
MIT,b1c4,690,2.0714570040201004,6715.669498912227
MIT,b1c4,691,2.0714368788944726,4853.540649474977
MIT,b1c4,692,,
MIT,b1c4,693,,
MIT,b1c4,694,,
MIT,b1c4,695,,
MIT,b1c4,696,,
MIT,b1c4,697,,
MIT,b1c4,698,,
MIT,b1c4,699,,
MIT,b1c4,700,2.0714807090452263,14684.648217967755
MIT,b1c4,701,,
MIT,b1c4,702,2.0235179195979898,3689.7215871069266
MIT,b1c4,703,,
MIT,b1c4,704,2.030616665829146,10876.581255926785
MIT,b1c4,705,,
MIT,b1c4,706,2.030352088442211,7245.863310090334
MIT,b1c4,707,,
MIT,b1c4,708,,
MIT,b1c4,709,,
MIT,b1c4,710,,
MIT,b1c4,711,,
MIT,b1c4,712,,
MIT,b1c4,713,,
MIT,b1c4,714,,
MIT,b1c4,715,,
MIT,b1c4,716,2.023504330653266,9611.722294004656
MIT,b1c4,717,,
MIT,b1c4,718,,
MIT,b1c4,719,,
MIT,b1c4,720,,
MIT,b1c4,721,2.0474959407035174,3864.140894978022
MIT,b1c4,722,,
MIT,b1c4,723,,
MIT,b1c4,724,,
MIT,b1c4,725,,
MIT,b1c4,726,2.0714578522613065,3765.8666887011464
MIT,b1c4,727,,
MIT,b1c4,728,2.087392588442211,21085.732956395033
MIT,b1c4,729,2.0315101648241205,6595.409133362316
MIT,b1c4,730,2.0234845,3679.9556037984667
MIT,b1c4,731,,
MIT,b1c4,732,,
MIT,b1c4,733,2.0714516557788945,3754.8886357930282
MIT,b1c4,734,2.08748292160804,6545.48983768027
MIT,b1c4,735,,
MIT,b1c4,736,,
MIT,b1c4,737,2.0784528854271356,3434.643505645703
MIT,b1c4,738,2.071236366834171,3647.256833469016
MIT,b1c4,739,,
MIT,b1c4,740,2.0714577628140702,4733.132452918859
MIT,b1c4,741,2.0315256296482413,4039.6417914182575
MIT,b1c4,742,2.086095340201005,3821.403567158432
MIT,b1c4,743,,
MIT,b1c4,744,,
MIT,b1c4,745,,
MIT,b1c4,746,,
MIT,b1c4,747,,
MIT,b1c4,748,2.0714825718592964,4173.1327936441985
MIT,b1c4,749,,
MIT,b1c4,750,2.030516991959799,15299.547991571973
MIT,b1c4,751,,
MIT,b1c4,752,,
MIT,b1c4,753,2.023513153768844,7849.386298114918
MIT,b1c4,754,,
MIT,b1c4,755,,
MIT,b1c4,756,2.0314909703517587,1174140.5021306095
MIT,b1c4,757,,
MIT,b1c4,758,2.03146369798995,6951.900221333784
MIT,b1c4,759,,
MIT,b1c4,760,2.031493820603015,1927767.3646232411
MIT,b1c4,761,,
MIT,b1c4,762,,
MIT,b1c4,763,,
MIT,b1c4,764,2.071444322110553,12755.198000791239
MIT,b1c4,765,,
MIT,b1c4,766,2.0793906371859294,3441.1785043312443
MIT,b1c4,767,2.0634169170854273,4537.778696837026
MIT,b1c4,768,2.0708820743718594,3525.9752085669347
MIT,b1c4,769,2.0235274763819096,4828.338586112374
MIT,b1c4,770,,
MIT,b1c4,771,2.0711696829145727,3848.65780338928
MIT,b1c4,772,,
MIT,b1c4,773,,
MIT,b1c4,774,2.079466004522613,5100.693676510678
MIT,b1c4,775,,
MIT,b1c4,776,,
MIT,b1c4,777,2.0714248924623115,5301.565313333727
MIT,b1c4,778,2.023578569346734,18832.004462421635
MIT,b1c4,779,2.063508823115578,8902.117251848433
MIT,b1c4,780,,
MIT,b1c4,781,,
MIT,b1c4,782,2.0634004381909548,4764.7567815646225
MIT,b1c4,783,2.0635203673366833,26519.927334668122
MIT,b1c4,784,,
MIT,b1c4,785,,
MIT,b1c4,786,2.023524551256281,8327.862278059556
MIT,b1c4,787,,
MIT,b1c4,788,2.071507816080402,9350.114444065472
MIT,b1c4,789,,
MIT,b1c4,790,,
MIT,b1c4,791,,
MIT,b1c4,792,,
MIT,b1c4,793,2.02350045879397,5049.181246926779
MIT,b1c4,794,2.0309326281407034,42355.2667591079
MIT,b1c4,795,,
MIT,b1c4,796,2.0634316311557788,5347.841620623404
MIT,b1c4,797,2.079427818090452,4693.187837554899
MIT,b1c4,798,,
MIT,b1c4,799,2.07149270201005,3299.6864986403934
MIT,b1c4,800,,
MIT,b1c4,801,,
MIT,b1c4,802,,
MIT,b1c4,803,2.078454450753769,3326.8070119341046
MIT,b1c4,804,,
MIT,b1c4,805,,
MIT,b1c4,806,,
MIT,b1c4,807,,
MIT,b1c4,808,,
MIT,b1c4,809,2.0874260005025125,3772.919726878852
MIT,b1c4,810,,
MIT,b1c4,811,,
MIT,b1c4,812,2.0315014577889445,4550.663951887915
MIT,b1c4,813,,
MIT,b1c4,814,2.022815194472362,20102.05340187135
MIT,b1c4,815,2.0313622316582913,4560.504628978584
MIT,b1c4,816,,
MIT,b1c4,817,2.0313094261306532,15105.087417485453
MIT,b1c4,818,,
MIT,b1c4,819,2.0235649723618088,4358.386597313005
MIT,b1c4,820,2.0793978246231157,3280.9813490569068
MIT,b1c4,821,2.0794535728643218,4788.081822529445
MIT,b1c4,822,,
MIT,b1c4,823,,
MIT,b1c4,824,2.0221857844221107,5919.369217265423
MIT,b1c4,825,,
MIT,b1c4,826,,
MIT,b1c4,827,2.0225796457286433,4736.575161353476
MIT,b1c4,828,2.0315346020100504,7636.785409707729
MIT,b1c4,829,2.086843273366834,4022.95188500107
MIT,b1c4,830,,
MIT,b1c4,831,,
MIT,b1c4,832,,
MIT,b1c4,833,2.0873568793969848,3694.8044017206657
MIT,b1c4,834,2.071493567336683,4258.943033271264
MIT,b1c4,835,,
MIT,b1c4,836,2.0394937889447236,3528.6327540249285
MIT,b1c4,837,,
MIT,b1c4,838,,
MIT,b1c4,839,,
MIT,b1c4,840,,
MIT,b1c4,841,,
MIT,b1c4,842,,
MIT,b1c4,843,2.071483577386935,5833.019966809952
MIT,b1c4,844,2.030915373366834,6480.858038656001
MIT,b1c4,845,2.0235106276381907,5881.7385818319935
MIT,b1c4,846,,
MIT,b1c4,847,2.087193482914573,3410.44870292175
MIT,b1c4,848,,
MIT,b1c4,849,,
MIT,b1c4,850,,
MIT,b1c4,851,2.0784669155778897,4367.498167561696
MIT,b1c4,852,,
MIT,b1c4,853,,
MIT,b1c4,854,,
MIT,b1c4,855,,
MIT,b1c4,856,2.0794562236180902,3636.7258124441955
MIT,b1c4,857,,
MIT,b1c4,858,,
MIT,b1c4,859,,
MIT,b1c4,860,2.087450640201005,4058.518500102958
MIT,b1c4,861,,
MIT,b1c4,862,,
MIT,b1c4,863,,
MIT,b1c4,864,,
MIT,b1c4,865,2.0235042110552763,3660.865292055332
MIT,b1c4,866,,
MIT,b1c4,867,2.023547285929648,17861.821897707705
MIT,b1c4,868,,
MIT,b1c4,869,,
MIT,b1c4,870,,
MIT,b1c4,871,,
MIT,b1c4,872,,
MIT,b1c4,873,2.0315073311557788,725327.0499855398
MIT,b1c4,874,,
MIT,b1c4,875,,
MIT,b1c4,876,,
MIT,b1c4,877,,
MIT,b1c4,878,2.0234985703517587,3784.314474236211
MIT,b1c4,879,,
MIT,b1c4,880,2.031502801005025,18032.205004280844
MIT,b1c4,881,,
MIT,b1c4,882,2.030366951256281,7930.37153846223
MIT,b1c4,883,,
MIT,b1c4,884,2.0714552015075376,3430.835646730432
MIT,b1c4,885,,
MIT,b1c4,886,,
MIT,b1c4,887,,
MIT,b1c4,888,,
MIT,b1c4,889,,
MIT,b1c4,890,,
MIT,b1c4,891,,
MIT,b1c4,892,,
MIT,b1c4,893,2.063495390954774,13482.358617644604
MIT,b1c4,894,,
MIT,b1c4,895,2.0634889653266333,131376.95011801843
MIT,b1c4,896,2.03153221959799,8824.26392848063
MIT,b1c4,897,2.023502625125628,8360.915919034145
MIT,b1c4,898,2.0235205974874373,3671.638261653826
MIT,b1c4,899,2.0315264944723617,16811.33731884744
MIT,b1c4,900,2.0235413341708544,5441.372352052439
MIT,b1c4,901,,
MIT,b1c4,902,,
MIT,b1c4,903,,
MIT,b1c4,904,,
MIT,b1c4,905,,
MIT,b1c4,906,2.0635172175879397,5390.926467417258
MIT,b1c4,907,2.079474294974874,7816.780719009389
MIT,b1c4,908,2.071396404522613,3484.0491875853195
MIT,b1c4,909,2.0714602185929647,5422.575584010425
MIT,b1c4,910,,
MIT,b1c4,911,,
MIT,b1c4,912,,
MIT,b1c4,913,,
MIT,b1c4,914,2.0710597557788946,5140.4507102073585
MIT,b1c4,915,2.030511089447236,9521.478505177227
MIT,b1c4,916,,
MIT,b1c4,917,2.023513229648241,5347.195677057858
MIT,b1c4,918,2.0312025773869347,4454.889645471214
MIT,b1c4,919,,
MIT,b1c4,920,,
MIT,b1c4,921,2.023547695477387,11369.473297003799
MIT,b1c4,922,2.0315016477386934,15092.910741993024
MIT,b1c4,923,,
MIT,b1c4,924,2.086387085427136,4192.483554815085
MIT,b1c4,925,2.0714212522613065,8540.77531257472
MIT,b1c4,926,2.0714490577889446,3733.7751405145054
MIT,b1c4,927,2.0309085417085426,8120.378099497015
MIT,b1c4,928,2.015547422613065,3841.7559121383265
MIT,b1c4,929,2.031449062311558,3527.283165581516
MIT,b1c4,930,,
MIT,b1c4,931,,
MIT,b1c4,932,2.0874347457286433,3881.8850334141493
MIT,b1c4,933,,
MIT,b1c4,934,2.0873949673366834,5439.415901050004
MIT,b1c4,935,,
MIT,b1c4,936,,
MIT,b1c4,937,,
MIT,b1c4,938,,
MIT,b1c4,939,2.039522824120603,4785.888124124118
MIT,b1c4,940,2.023501689447236,4763.466433202961
MIT,b1c4,941,2.0634630477386935,6196.416961026222
MIT,b1c4,942,2.063463011557789,19734.171368591095
MIT,b1c4,943,,
MIT,b1c4,944,2.0234897316582914,3609.2875063679894
MIT,b1c4,945,,
MIT,b1c4,946,,
MIT,b1c4,947,2.023502440703518,6648.459034492549
MIT,b1c4,948,,
MIT,b1c4,949,2.0314619879396987,12982.748614719105
MIT,b1c4,950,2.023544896482412,580639.7147133921
MIT,b1c4,951,2.023517041708543,13532.650020672567
MIT,b1c4,952,,
MIT,b1c4,953,,
MIT,b1c4,954,,
MIT,b1c4,955,2.0235531824120603,10139.258047189598
MIT,b1c4,956,,
MIT,b1c4,957,,
MIT,b1c4,958,,
MIT,b1c4,959,2.0314802889447234,6029.882113503412
MIT,b1c4,960,,
MIT,b1c4,961,,
MIT,b1c4,962,2.0315233613065327,8545.366081549982
MIT,b1c4,963,,
MIT,b1c4,964,,
MIT,b1c4,965,,
MIT,b1c4,966,,
MIT,b1c4,967,2.0234987708542715,5645.406650356592
MIT,b1c4,968,2.0314845281407035,8872.17606116183
MIT,b1c4,969,,
MIT,b1c4,970,,
MIT,b1c4,971,,
MIT,b1c4,972,2.03152091959799,41065.01068464813
MIT,b1c4,973,,
MIT,b1c4,974,,
MIT,b1c4,975,,
MIT,b1c4,976,2.0395041256281408,4560.073622685823
MIT,b1c4,977,2.0314776030150754,14364.16883464152
MIT,b1c4,978,,
MIT,b1c4,979,,
MIT,b1c4,980,,
MIT,b1c4,981,,
MIT,b1c4,982,,
MIT,b1c4,983,,
MIT,b1c4,984,,
MIT,b1c4,985,,
MIT,b1c4,986,2.023496148241206,8408.089031094536
MIT,b1c4,987,2.0635192085427136,6467.7071709691445
MIT,b1c4,988,,
MIT,b1c4,989,,
MIT,b1c4,990,,
MIT,b1c4,991,,
MIT,b1c4,992,2.071426058291457,5397.423015743767
MIT,b1c4,993,2.0714417442211053,4565.219576811343
MIT,b1c4,994,,
MIT,b1c4,995,,
MIT,b1c4,996,2.079414384924623,33091.404858367285
MIT,b1c4,997,2.0314774236180906,46340.52435107528
MIT,b1c4,998,,
MIT,b1c4,999,,
MIT,b1c4,1000,,
MIT,b1c4,1001,,
MIT,b1c4,1002,,
MIT,b1c4,1003,,
MIT,b1c4,1004,2.071472537688442,4175.315905022267
MIT,b1c4,1005,,
MIT,b1c4,1006,,
MIT,b1c4,1007,2.063495773869347,5571.3266141580425
MIT,b1c4,1008,2.0235235899497486,4572.942973041723
MIT,b1c4,1009,2.0314757633165827,5194.560816236804
MIT,b1c4,1010,,
MIT,b1c4,1011,,
MIT,b1c4,1012,,
MIT,b1c4,1013,2.023521223115578,9056.608031536223
MIT,b1c4,1014,,
MIT,b1c4,1015,2.023487483919598,4576.5220473379595
MIT,b1c4,1016,2.0234855969849246,6208.2811625306895
MIT,b1c4,1017,,
MIT,b1c4,1018,,
MIT,b1c4,1019,2.031542991959799,30813.0199844788
MIT,b1c4,1020,,
MIT,b1c4,1021,,
MIT,b1c4,1022,2.023503692964824,19136.52799973201
MIT,b1c4,1023,,
MIT,b1c4,1024,2.0315146050251256,12777.453729263741
MIT,b1c4,1025,,
MIT,b1c4,1026,,
MIT,b1c4,1027,,
MIT,b1c4,1028,,
MIT,b1c4,1029,,
MIT,b1c4,1030,,
MIT,b1c4,1031,,
MIT,b1c4,1032,,
MIT,b1c4,1033,2.0235337959798994,39894.749163464294
MIT,b1c4,1034,,
MIT,b1c4,1035,,
MIT,b1c4,1036,2.070963491959799,3612.268958264788
MIT,b1c4,1037,,
MIT,b1c4,1038,2.0874299773869347,10737.277773795286
MIT,b1c4,1039,,
MIT,b1c4,1040,2.02354488040201,5883.679746528973
MIT,b1c4,1041,,
MIT,b1c4,1042,2.0314803854271357,18807.1523261595
MIT,b1c4,1043,2.0714755939698493,31475.19402110346
MIT,b1c4,1044,,
MIT,b1c4,1045,,
MIT,b1c4,1046,,
MIT,b1c4,1047,,
MIT,b1c4,1048,,
MIT,b1c4,1049,,
MIT,b1c4,1050,,
MIT,b1c4,1051,,
MIT,b1c4,1052,2.0873938934673366,8405.98091986982
MIT,b1c4,1053,,
MIT,b1c4,1054,2.0155129396984925,4338.831346563939
MIT,b1c4,1055,2.087448858291457,5132.539823688494
MIT,b1c4,1056,,
MIT,b1c4,1057,,
MIT,b1c4,1058,,
MIT,b1c4,1059,2.0235331557788943,9405.76891798346
MIT,b1c4,1060,,
MIT,b1c4,1061,2.023518065829146,19940.7564360928
MIT,b1c4,1062,,
MIT,b1c4,1063,,
MIT,b1c4,1064,2.071484881909548,5950.217938180919
MIT,b1c4,1065,,
MIT,b1c4,1066,,
MIT,b1c4,1067,,
MIT,b1c4,1068,,
MIT,b1c4,1069,,
MIT,b1c4,1070,,
MIT,b1c4,1071,2.071489050753769,7392.712253462758
MIT,b1c4,1072,,
MIT,b1c4,1073,,
MIT,b1c4,1074,2.0794714753768844,6034.26928831029
MIT,b1c4,1075,,
MIT,b1c4,1076,,
MIT,b1c4,1077,,
MIT,b1c4,1078,,
MIT,b1c4,1079,2.0235242979899497,4130.514936634672
MIT,b1c4,1080,2.0235369949748745,3743.376643614856
MIT,b1c4,1081,,
MIT,b1c4,1082,2.0235094005025127,18315.912032491116
MIT,b1c4,1083,,
MIT,b1c4,1084,,
MIT,b1c4,1085,2.0228937432160805,5064.014049553538
MIT,b1c4,1086,,
MIT,b1c4,1087,,
MIT,b1c4,1088,,
MIT,b1c4,1089,,
MIT,b1c4,1090,2.0315283316582917,8461.844571873262
MIT,b1c4,1091,,
MIT,b1c4,1092,,
MIT,b1c4,1093,,
MIT,b1c4,1094,,
MIT,b1c4,1095,2.0235232552763818,4425.045706761293
MIT,b1c4,1096,2.071393967839196,5542.163944089965
MIT,b1c4,1097,,
MIT,b1c4,1098,,
MIT,b1c4,1099,,
MIT,b1c4,1100,,
MIT,b1c4,1101,2.0235335100502514,4353.5743199244425
MIT,b1c4,1102,2.0714614663316584,4075.438266724656
MIT,b1c4,1103,2.0714932814070353,11042.09570917161
MIT,b1c4,1104,2.071488211557789,3868.678655743286
MIT,b1c4,1105,,
MIT,b1c4,1106,2.0714741738693467,84089.36083908641
MIT,b1c4,1107,,
MIT,b1c4,1108,2.023539682914573,5099.190741952297
MIT,b1c4,1109,,
MIT,b1c4,1110,2.023487522110553,25434.516141299217
MIT,b1c4,1111,2.031495198492462,12245.863677074667
MIT,b1c4,1112,,
MIT,b1c4,1113,2.023536792964824,6953.548700234675
MIT,b1c4,1114,,
MIT,b1c4,1115,,
MIT,b1c4,1116,,
MIT,b1c4,1117,,
MIT,b1c4,1118,,
MIT,b1c4,1119,2.0315124743718593,5690.207872960498
MIT,b1c4,1120,,
MIT,b1c4,1121,2.023507188944724,4854.174966947263
MIT,b1c4,1122,2.0315245462311555,19460.137215093855
MIT,b1c4,1123,,
MIT,b1c4,1124,,
MIT,b1c4,1125,2.0312022728643218,42550.82783132316
MIT,b1c4,1126,,
MIT,b1c4,1127,,
MIT,b1c4,1128,2.0714691924623114,3770.5141651575686
MIT,b1c4,1129,2.087460276884422,8035.0560355998
MIT,b1c4,1130,2.023495579396985,7287.867094988669
MIT,b1c4,1131,2.031529535678392,10893.727119275129
MIT,b1c4,1132,,
MIT,b1c4,1133,,
MIT,b1c4,1134,,
MIT,b1c4,1135,,
MIT,b1c4,1136,,
MIT,b1c4,1137,2.0394858587939697,3961.715181906324
MIT,b1c4,1138,,
MIT,b1c4,1139,,
MIT,b1c4,1140,2.031538695477387,3871.245889380142
MIT,b1c4,1141,2.0314817974874373,12223.06292532252
MIT,b1c4,1142,2.023537270351759,797538.3687888177
MIT,b1c4,1143,2.0314447442211057,26951.38428772035
MIT,b1c4,1144,,
MIT,b1c4,1145,,
MIT,b1c4,1146,2.0311832567839194,79856.24983358168
MIT,b1c4,1147,,
MIT,b1c4,1148,,
MIT,b1c4,1149,2.022632389447236,5084.2960035712595
MIT,b1c4,1150,2.0315440904522615,24239.75236746331
MIT,b1c4,1151,2.087441482914573,4214.90787749099
MIT,b1c4,1152,,
MIT,b1c4,1153,2.023488473869347,4964.500782136694
MIT,b1c4,1154,,
MIT,b1c4,1155,,
MIT,b1c4,1156,2.071483289949749,4498.598158272374
MIT,b1c4,1157,2.0230507572864322,7806.944135200201
MIT,b1c4,1158,2.0235110020100504,4891.7590510240825
MIT,b1c4,1159,2.0315191879396988,9739.992085206639
MIT,b1c4,1160,,
MIT,b1c4,1161,2.023549236683417,4734.18422929034
MIT,b1c4,1162,2.0315118070351756,11718.433865430656
MIT,b1c4,1163,2.015358552763819,434614.84942087065
MIT,b1c4,1164,2.0312557065326633,3895.130140254054
MIT,b1c4,1165,,
MIT,b1c4,1166,,
MIT,b1c4,1167,2.031534326633166,12942.506081833037
MIT,b1c4,1168,2.0634770944723617,10885.388686089835
MIT,b1c4,1169,,
MIT,b1c4,1170,2.0712098371859295,16995.911062739393
MIT,b1c4,1171,,
MIT,b1c4,1172,,
MIT,b1c4,1173,,
MIT,b1c4,1174,2.0385232673366835,3831.895165500112
MIT,b1c4,1175,2.03152924120603,6781.647585573795
MIT,b1c4,1176,,
MIT,b1c4,1177,,
MIT,b1c4,1178,,
MIT,b1c4,1179,2.0315494989949747,6800.811330037976
MIT,b1c4,1180,,
MIT,b1c4,1181,,
MIT,b1c4,1182,2.0234895221105527,4307.195710916232
MIT,b1c4,1183,2.030598790954774,93666.08340032145
MIT,b1c4,1184,2.079391025125628,3762.196168578797
MIT,b1c4,1185,2.031538959798995,4954.522192680124
MIT,b1c4,1186,2.03106418040201,7844.925232004733
MIT,b1c4,1187,,
MIT,b1c4,1188,2.0314976829145728,16305.116213463276
MIT,b1c4,1189,,
MIT,b1c4,1190,,
MIT,b1c4,1191,2.0634535402010052,9208.970487370882
MIT,b1c4,1192,,
MIT,b1c4,1193,,
MIT,b1c4,1194,,
MIT,b1c4,1195,2.079428767839196,4335.12114140041
MIT,b1c4,1196,,
MIT,b1c4,1197,2.0875039994974873,5014.865368337713
MIT,b1c4,1198,,
MIT,b1c4,1199,2.0710150075376883,5508.824354221741
MIT,b1c4,1200,2.087453345226131,4265.160536522606
MIT,b1c4,1201,,
MIT,b1c4,1202,,
MIT,b1c4,1203,,
MIT,b1c4,1204,2.022822912562814,4272.633798798039
MIT,b1c4,1205,,
MIT,b1c4,1206,,
MIT,b1c4,1207,,
MIT,b1c4,1208,,
MIT,b1c4,1209,,
MIT,b1c4,1210,,
MIT,b1c4,1211,,
MIT,b1c4,1212,,
MIT,b1c4,1213,2.0794170502512563,3796.7190980084424
MIT,b1c4,1214,,
MIT,b1c4,1215,,
MIT,b1c4,1216,,
MIT,b1c4,1217,2.06347721959799,4269.144406085346
MIT,b1c4,1218,2.063402749748744,3791.6003466703387
MIT,b1c4,1219,2.079446018090452,4306.811477733382
MIT,b1c4,1220,2.087385646733668,7638.437176813773
MIT,b1c4,1221,2.087425083919598,4805.756986707033
MIT,b1c4,1222,,
MIT,b1c4,1223,,
MIT,b1c4,1224,,
MIT,b1c4,1225,2.0794678211055277,4026.984139558779
