battery_id,cycle_idx,EIS_Re,EIS_Rct,EIS_Zmag_mean,eis_time_gap_hours
B0005,1,0.04466870036616091,0.06945627304536996,0.20895020797607514,389.49666666666667
B0005,2,0.04466870036616091,0.06945627304536996,0.20895020797607514,385.1947222222222
B0005,3,0.04466870036616091,0.06945627304536996,0.20895020797607514,380.9063888888889
B0005,4,0.04466870036616091,0.06945627304536996,0.20895020797607514,376.6477777777778
B0005,5,0.04466870036616091,0.06945627304536996,0.20895020797607514,372.3677777777778
B0005,6,0.04466870036616091,0.06945627304536996,0.20895020797607514,368.0052777777778
B0005,7,0.04466870036616091,0.06945627304536996,0.20895020797607514,363.63694444444445
B0005,8,0.04466870036616091,0.06945627304536996,0.20895020797607514,359.45416666666665
B0005,9,0.04466870036616091,0.06945627304536996,0.20895020797607514,355.2872222222222
B0005,10,0.04466870036616091,0.06945627304536996,0.20895020797607514,351.1225
B0005,11,0.04466870036616091,0.06945627304536996,0.20895020797607514,346.96944444444443
B0005,12,0.04466870036616091,0.06945627304536996,0.20895020797607514,338.9838888888889
B0005,13,0.04466870036616091,0.06945627304536996,0.20895020797607514,334.8930555555556
B0005,14,0.04466870036616091,0.06945627304536996,0.20895020797607514,330.58416666666665
B0005,15,0.04466870036616091,0.06945627304536996,0.20895020797607514,326.5077777777778
B0005,16,0.04466870036616091,0.06945627304536996,0.20895020797607514,322.41583333333335
B0005,17,0.04466870036616091,0.06945627304536996,0.20895020797607514,318.3466666666667
B0005,18,0.04466870036616091,0.06945627304536996,0.20895020797607514,314.2677777777778
B0005,19,0.04466870036616091,0.06945627304536996,0.20895020797607514,310.1483333333333
B0005,20,0.04466870036616091,0.06945627304536996,0.20895020797607514,0.24722222222222223
B0005,21,0.044843430573346096,0.0679720560130687,0.2087162071516687,0.245
B0005,22,0.04510114851143001,0.06852832896000328,0.2092581728649849,0.245
B0005,23,0.044172075577171746,0.06804449516996176,0.2096433565356757,0.245
B0005,24,0.043786628196075913,0.06845021227072765,0.20928590344598327,0.245
B0005,25,0.04463932198878524,0.0683410113732366,0.2097048351944546,0.245
B0005,26,0.043558785775475374,0.06868237655872211,0.20877688529334773,0.245
B0005,27,0.04526547818261783,0.0681437253042456,0.20911689614998286,0.245
B0005,28,0.044483715777434665,0.06782555719716843,0.20863345859197513,0.2452777777777778
B0005,29,0.04441416485910045,0.06885805241213436,0.20912332812468937,0.245
B0005,30,0.04453544590029642,0.06779434699116274,0.20946235387909926,0.2452777777777778
B0005,31,0.04610646564263781,0.07041083307756363,0.204169244712495,0.9872222222222222
B0005,32,0.04646251600050638,0.06993774302336724,0.20607170056390003,0.5294444444444445
B0005,33,0.04772385451119983,0.06950417544214327,0.2060690607295631,0.5297222222222222
B0005,34,0.04694022963323793,0.069661211991841,0.20611772082053684,0.5297222222222222
B0005,35,0.04702798243208013,0.07112946749607083,0.20753547154426574,0.5297222222222222
B0005,36,0.047755380262671634,0.07167079612312527,0.20811245961818137,0.53
B0005,37,0.047022939446838434,0.06976696183555635,0.20649389187324527,0.53
B0005,38,0.046245370477528074,0.0719248993978976,0.20729482849181527,0.5297222222222222
B0005,39,0.04618610336751238,0.07193787056034481,0.20770584088431598,0.53
B0005,40,0.04773737014313117,0.0703395836124857,0.20792006230482837,0.53
B0005,41,0.04838334154876506,0.06973812701544792,0.2077385501958587,0.5302777777777777
B0005,42,0.048037510039299486,0.07012511424776673,0.2078583090140432,0.5302777777777777
B0005,43,0.04815104655957722,0.06772207819825936,0.20445047127230884,8.946388888888889
B0005,44,0.04815104655957722,0.06772207819825936,0.20445047127230884,0.9433333333333334
B0005,45,0.04754728174038817,0.07318009891168203,0.20937215239750095,0.5302777777777777
B0005,46,0.04764092098948851,0.07165247326552959,0.20893730203876085,0.5302777777777777
B0005,47,0.04842436953177311,0.07249983749010006,0.20950228632722054,0.5302777777777777
B0005,48,0.04893386185534073,0.06795990180113623,0.20616691583246205,0.9494444444444444
B0005,49,0.04943074564871873,0.0701407541984291,0.20914054423440276,0.5302777777777777
B0005,50,0.04974822543014387,0.07112993844977841,0.20908769736022945,0.5302777777777777
B0005,51,0.04988486594475391,0.07198302765125617,0.21021158755616112,0.5305555555555556
B0005,52,0.04921638093217895,0.07146374397937286,0.20974303729384602,0.5305555555555556
B0005,53,0.04994593893656341,0.07088704261645878,0.20953068072606254,0.5305555555555556
B0005,54,0.048969605147940264,0.07178168505217358,0.2100465940672698,0.5308333333333334
B0005,55,0.05022937602514056,0.0718319241428618,0.21053645935093548,0.5308333333333334
B0005,56,0.04971526662508074,0.07139027154395669,0.20897885383307346,0.5308333333333334
B0005,57,0.04913216601843565,0.0724518691988788,0.20932154454215354,0.5308333333333334
B0005,58,0.04920968322529824,0.07304025099509703,0.21006214963273986,0.5305555555555556
B0005,59,0.04950631616559385,0.07251082944035009,0.21044730527091374,0.5305555555555556
B0005,60,0.04865176277959679,0.07201762091170956,0.2098862488146859,0.5308333333333334
B0005,61,0.04916575568371288,0.07316993618002728,0.2102945361480777,0.5308333333333334
B0005,62,0.04923427342088277,0.07277120733743579,0.21094614096562822,0.5308333333333334
B0005,63,0.0505475864921389,0.07270866794574943,0.2114544501229989,0.5311111111111111
B0005,64,0.050118814742107526,0.07301041089661342,0.21105093526667199,0.9458333333333333
B0005,65,0.04913242687695094,0.0693303248319639,0.20738411899216402,0.9116666666666666
B0005,66,0.049792567319026114,0.07343650361620202,0.21131936868945342,0.5311111111111111
B0005,67,0.049865378066600005,0.0732133898164959,0.21110547158917625,0.5311111111111111
B0005,68,0.049811932785538866,0.07459618605206403,0.2111630362531068,0.5313888888888889
B0005,69,0.04850673488997184,0.07458309776342148,0.2114236485063634,0.5313888888888889
B0005,70,0.050023074203339506,0.0736638387977965,0.2116490066805469,0.5313888888888889
B0005,71,0.05020469043786587,0.07371885821597624,0.21157679103357288,0.5313888888888889
B0005,72,0.04975857340773159,0.07465617760875586,0.2123683931071223,0.5313888888888889
B0005,73,0.04968675503783295,0.07355425821939737,0.21221477216931628,0.5313888888888889
B0005,74,0.04995005707049774,0.0746229428074614,0.212296553796231,0.5313888888888889
B0005,75,0.050282564251258356,0.07360391142336822,0.2125095040681396,0.5313888888888889
B0005,76,0.04992007781904663,0.074642062777058,0.21247451333136194,0.5313888888888889
B0005,77,0.05007996435013632,0.07547710929281527,0.2132826906538187,1.7758333333333334
B0005,78,0.054692185026359336,0.07464599360022733,0.2146976403220896,0.8916666666666667
B0005,79,0.05487320211540928,0.07934403644117197,0.2194984497455659,0.5316666666666666
B0005,80,0.055240499862766274,0.08002359358228964,0.22020359679469603,0.5319444444444444
B0005,81,0.055080368328742545,0.08045008161921993,0.2204935089473179,0.5319444444444444
B0005,82,0.05484578494342528,0.08099527914390654,0.22114705935843534,0.5319444444444444
B0005,83,0.05808949268604193,0.07900611376190819,0.22229097190562833,0.5319444444444444
B0005,84,0.05639999430512618,0.08181491967012575,0.2219523587214045,0.5319444444444444
B0005,85,0.057159147914507935,0.08086696623694065,0.22262748898305385,0.5322222222222223
B0005,86,0.056998793862942924,0.08250100764416027,0.22267794023276077,0.5319444444444444
B0005,87,0.05791594677751306,0.08175057083151278,0.22282531249633689,0.5319444444444444
B0005,88,0.0585831887959693,0.08269416457353587,0.22312034213842238,0.5319444444444444
B0005,89,0.05684411239635824,0.082272625759776,0.22245664816501387,0.5319444444444444
B0005,90,0.05667203462955093,0.08291573296417665,0.2233915833619056,0.5325
B0005,91,0.057798377106990255,0.07518971733166918,0.2180947777787554,0.8816666666666667
B0005,92,0.05869361561103209,0.08099673983388944,0.22217135511445976,0.5325
B0005,93,0.05687355099054793,0.08079234772463807,0.2219919639025257,0.5325
B0005,94,0.058401226760293384,0.0816166339541188,0.222385569162635,0.5325
B0005,95,0.05713926164978321,0.08203042743610463,0.2228931588263483,0.5325
B0005,96,0.056846750542401,0.08430934905296765,0.22323201340655183,0.5325
B0005,97,0.05971458306876328,0.08128077873787101,0.22390369044065658,0.5325
B0005,98,0.057876489486257204,0.0827621596207595,0.22356739125636838,0.5325
B0005,99,0.057106052592570886,0.08389339159553517,0.22387272356642027,0.5327777777777778
B0005,100,0.05832440115222774,0.0823356083860003,0.22360948343633016,0.5327777777777778
B0005,101,0.05853988727737317,0.08259957408588693,0.2234089049419117,0.5327777777777778
B0005,102,0.057610002271573896,0.08361769407052744,0.22490891019793433,0.5327777777777778
B0005,103,0.05687744083786221,0.08453629957179691,0.2246263583348224,0.5327777777777778
B0005,104,0.058982855797460765,0.07840869791471827,0.2207215545139809,0.8647222222222222
B0005,105,0.06019789084807145,0.08377346645248043,0.22472345736803656,0.5327777777777778
B0005,106,0.05988352416265757,0.08361156763608181,0.22568136706356298,0.5330555555555555
B0005,107,0.058875120497055886,0.08370562422038381,0.22531451289889057,0.5330555555555555
B0005,108,0.05844518592952695,0.0843513765148262,0.22577918158109722,0.5330555555555555
B0005,109,0.06055121054997781,0.08328051476741821,0.22544651221814585,0.5330555555555555
B0005,110,0.05995025589217596,0.0831904359131708,0.22483747219532504,0.5333333333333333
B0005,111,0.05956501303684226,0.08487011380929321,0.22512655419090774,0.5333333333333333
B0005,112,0.059853349010250065,0.08473917663733575,0.22583880017548755,0.5333333333333333
B0005,113,0.05874548029308314,0.08711721350349075,0.2262705132334912,0.5333333333333333
B0005,114,0.06083767084489383,0.08490902777488013,0.22615985092818824,0.5336111111111111
B0005,115,0.05993762786815949,0.08479950183605617,0.22633930499969743,0.5333333333333333
B0005,116,0.05959588691816853,0.08518775171680287,0.22655888826590487,0.5333333333333333
B0005,117,0.058400743519397356,0.08632938236969102,0.22708297441336514,0.5333333333333333
B0005,118,0.06260506440345279,0.08502111899525971,0.22698311017821468,0.5336111111111111
B0005,119,0.06115195391732467,0.08485577620272611,0.2270248839557916,0.5336111111111111
B0005,120,0.06160738568225919,0.08020127504914304,0.22367918584904145,5.558888888888889
B0005,121,0.06160738568225919,0.08020127504914304,0.22367918584904145,0.8477777777777777
B0005,122,0.060986669920577066,0.08583976882422588,0.22843838103420713,0.5336111111111111
B0005,123,0.06100425704109886,0.08588436114872877,0.22772138787069784,0.5336111111111111
B0005,124,0.06232914782727364,0.08822161138920462,0.22984800246615844,0.5336111111111111
B0005,125,0.061502762788551504,0.0872699062901812,0.22965313128649098,0.5338888888888889
B0005,126,0.06141907994833745,0.08720378292525818,0.22937383540365688,0.5338888888888889
B0005,127,0.06121665145307191,0.0872819262712242,0.22874326240931195,0.5338888888888889
B0005,128,0.062704070176938,0.08679111809854424,0.22980712470839362,0.5338888888888889
B0005,129,0.06172613583587411,0.0883779260119075,0.2296745906880173,0.5338888888888889
B0005,130,0.06185223703499693,0.08697922184678317,0.22929884457260855,0.5338888888888889
B0005,131,0.06310358102659182,0.08852234569242505,0.2308122188204357,0.5347222222222222
B0005,132,0.06228746060457266,0.08923087570947913,0.23061011570035328,0.5347222222222222
B0005,133,0.06270549893166993,0.08838724457648714,0.2301192139446131,7.755833333333333
B0005,134,0.05609876336075707,0.0751803131352498,0.2157915797721683,5.112222222222222
B0005,135,0.05609876336075707,0.0751803131352498,0.2157915797721683,0.8305555555555556
B0005,136,0.053286381622558374,0.08156856568421471,0.21935089205633548,0.5341666666666667
B0005,137,0.05293147474045376,0.08275693411495888,0.2208383633107132,0.5344444444444445
B0005,138,0.05588929297745871,0.08226321054006082,0.22118672048201574,0.5344444444444445
B0005,139,0.05841778368115902,0.08029809490533976,0.22074258913403622,0.5344444444444445
B0005,140,0.056411433170262516,0.0819223123309917,0.22131614363924237,0.5341666666666667
B0005,141,0.05568015964086863,0.08177399086572994,0.22139871835549463,0.5344444444444445
B0005,142,0.056210257603528525,0.08328067168438782,0.22153344662171573,0.5347222222222222
B0005,143,0.05579452141186236,0.0829501208969064,0.22147038606908456,0.5347222222222222
B0005,144,0.057799714665998925,0.08190303229216056,0.22188457682509233,0.5344444444444445
B0005,145,0.05577529472858128,0.08294674118422612,0.2216966024479562,0.5347222222222222
B0005,146,0.056559391313402284,0.08237490117893426,0.22167198503385413,0.5347222222222222
B0005,147,0.05334424687864744,0.08448562230827522,0.22243428643987592,0.5347222222222222
B0005,148,0.056262478978249195,0.0830662312193171,0.22248059078422666,0.5347222222222222
B0005,149,0.05339424998746291,0.08335635527903888,0.22259635468887148,0.535
B0005,150,0.05854525235071128,0.08836885185980756,0.22683549300566916,0.535
B0005,151,0.05861499608457943,0.0815465143150512,0.22189210936847595,0.8236111111111111
B0005,152,0.06142385686894261,0.08496390395839584,0.22636803806485717,0.535
B0005,153,0.05952338030179974,0.08720833121299235,0.22693742792027116,0.535
B0005,154,0.05926159085880675,0.08777868669454861,0.22723058811572847,0.535
B0005,155,0.05952378458944331,0.08843007755224046,0.227168946239192,0.535
B0005,156,0.05967664811705819,0.08584374973711092,0.22690271881567292,0.535
B0005,157,0.05975988463048883,0.08662483639594361,0.22652666652106804,0.535
B0005,158,0.05950259165745283,0.08636882918668189,0.22655619133977326,0.535
B0005,159,0.05955598055289399,0.08821831541627395,0.22774500137999423,0.5352777777777777
B0005,160,0.05949136479118529,0.08873029794077426,0.22768734563945836,0.5352777777777777
B0005,161,0.06052114924707915,0.08753623977970666,0.22762495433433147,0.5361111111111111
B0005,162,0.05982677899726283,0.08853801860235527,0.22797320063013693,0.5361111111111111
B0005,163,0.057944393691446945,0.08890519876854222,0.22727990497284697,0.5361111111111111
B0005,164,0.06175931225184275,0.0847212726764891,0.22811377813621977,0.5361111111111111
B0005,165,0.05898908039586478,0.08573621892771217,0.2275275455667641,0.5361111111111111
B0005,166,0.05763029720163586,0.08742389347930328,0.2275124638983589,0.5361111111111111
B0005,167,0.05003573195803179,0.07479234613687553,0.21131004176739307,5.6963888888888885
B0005,168,0.05003573195803179,0.07479234613687553,0.21131004176739307,0.8127777777777778
B0006,1,0.06123359021000344,0.0785415394665875,0.19084076848849163,389.49666666666667
B0006,2,0.06123359021000344,0.0785415394665875,0.19084076848849163,385.1947222222222
B0006,3,0.06123359021000344,0.0785415394665875,0.19084076848849163,380.9063888888889
B0006,4,0.06123359021000344,0.0785415394665875,0.19084076848849163,376.6477777777778
B0006,5,0.06123359021000344,0.0785415394665875,0.19084076848849163,372.3677777777778
B0006,6,0.06123359021000344,0.0785415394665875,0.19084076848849163,368.0052777777778
B0006,7,0.06123359021000344,0.0785415394665875,0.19084076848849163,363.63694444444445
B0006,8,0.06123359021000344,0.0785415394665875,0.19084076848849163,359.45416666666665
B0006,9,0.06123359021000344,0.0785415394665875,0.19084076848849163,355.2872222222222
B0006,10,0.06123359021000344,0.0785415394665875,0.19084076848849163,351.1225
B0006,11,0.06123359021000344,0.0785415394665875,0.19084076848849163,346.96944444444443
B0006,12,0.06123359021000344,0.0785415394665875,0.19084076848849163,338.9838888888889
B0006,13,0.06123359021000344,0.0785415394665875,0.19084076848849163,334.8930555555556
B0006,14,0.06123359021000344,0.0785415394665875,0.19084076848849163,330.58416666666665
B0006,15,0.06123359021000344,0.0785415394665875,0.19084076848849163,326.5077777777778
B0006,16,0.06123359021000344,0.0785415394665875,0.19084076848849163,322.41583333333335
B0006,17,0.06123359021000344,0.0785415394665875,0.19084076848849163,318.3466666666667
B0006,18,0.06123359021000344,0.0785415394665875,0.19084076848849163,314.2677777777778
B0006,19,0.06123359021000344,0.0785415394665875,0.19084076848849163,310.1483333333333
B0006,20,0.06123359021000344,0.0785415394665875,0.19084076848849163,0.24722222222222223
B0006,21,0.06062991544979002,0.07802409378290423,0.18776225704423855,0.245
B0006,22,0.0608598716542857,0.07840240203025303,0.1844623487324668,0.245
B0006,23,0.06006450818180178,0.07807093382204865,0.1847668560618844,0.245
B0006,24,0.05913130853407464,0.07795570757873038,0.18600192615052433,0.245
B0006,25,0.06059698754511872,0.07938182566133384,0.185674261240904,0.245
B0006,26,0.0604355089729667,0.07949409294266127,0.1933030683838691,0.245
B0006,27,0.0598822703747387,0.07871218357298479,0.18519245784411806,0.245
B0006,28,0.06058721482266893,0.07989533922911993,0.1869842615377275,0.2452777777777778
B0006,29,0.06090836519034555,0.0797490751361702,0.19579668464963665,0.245
B0006,30,0.060369152473069135,0.08014506815871338,0.1903727044918495,0.2452777777777778
B0006,31,0.06356536156604609,0.08150834385680611,0.192133995852693,0.9872222222222222
B0006,32,0.06232003183337441,0.08021169162372531,0.1912010401198778,0.5294444444444445
B0006,33,0.06189122330035962,0.08120805787615462,0.19145988429617092,0.5297222222222222
B0006,34,0.06171642129064926,0.08150165216580176,0.19215055941728465,0.5297222222222222
B0006,35,0.06199878481176484,0.08138761044036787,0.1922860692695388,0.5297222222222222
B0006,36,0.06250406054880163,0.08169124692338582,0.19261360023978658,0.53
B0006,37,0.06201388686472383,0.08131610081343171,0.19188446036734394,0.53
B0006,38,0.06183019217410585,0.08120435160553863,0.19166264157464563,0.5297222222222222
B0006,39,0.06282694657880761,0.08347157844651079,0.19467055855422077,0.53
B0006,40,0.06349817571333986,0.08385488671663242,0.19490954535022106,0.53
B0006,41,0.060945139936148515,0.082015904986437,0.19304431995472796,0.5302777777777777
B0006,42,0.0639175801612165,0.08216571708748939,0.19493449575414665,0.5302777777777777
B0006,43,0.06368589032225634,0.08410980261203092,0.19457800645001788,8.946388888888889
B0006,44,0.06368589032225634,0.08410980261203092,0.19457800645001788,0.9433333333333334
B0006,45,0.06203106446308808,0.08319177703888532,0.193548696349198,0.5302777777777777
B0006,46,0.06250649038034015,0.08426848073493345,0.19456430049201737,0.5302777777777777
B0006,47,0.06261533272747599,0.0839721783477321,0.19465696150329323,0.5302777777777777
B0006,48,0.0659851482712769,0.08205908433058269,0.1944407402243081,0.9494444444444444
B0006,49,0.0645724621588098,0.08034229300933068,0.19304604845318205,0.5302777777777777
B0006,50,0.06368615846693702,0.08236363977175419,0.1940268765335698,0.5302777777777777
B0006,51,0.06291209789909709,0.08214102281998399,0.19379198111672666,0.5305555555555556
B0006,52,0.06366741172107057,0.08296956725555057,0.19418506679881678,0.5305555555555556
B0006,53,0.06454586928056331,0.08390558187210605,0.19528040739268474,0.5305555555555556
B0006,54,0.06441730776729335,0.08332080296168762,0.19560718383083964,0.5308333333333334
B0006,55,0.06517362934686399,0.08478155339352322,0.19761910190459678,0.5308333333333334
B0006,56,0.06359515956336817,0.08418492196132377,0.1956323098323857,0.5308333333333334
B0006,57,0.06528547500729169,0.08605041403439097,0.19781903670320425,0.5308333333333334
B0006,58,0.06653396257005847,0.08674821993371198,0.1989215049120329,0.5305555555555556
B0006,59,0.06634112534272091,0.08720558299891104,0.19977134782434428,0.5305555555555556
B0006,60,0.06590996191117977,0.08712834097374948,0.19990218767994983,0.5308333333333334
B0006,61,0.06605623626692969,0.08756285633165226,0.2001946532974853,0.5308333333333334
B0006,62,0.06590274256382748,0.08820859113319164,0.2004434815470705,0.5308333333333334
B0006,63,0.06791172070092616,0.08831509615303365,0.20183859567684315,0.5311111111111111
B0006,64,0.06674377333784236,0.08857968181390717,0.20107174393662264,0.9458333333333333
B0006,65,0.06787371479427354,0.08934891169767059,0.20171203973559737,0.9116666666666666
B0006,66,0.06641297510611752,0.0895032370200492,0.202039523237046,0.5311111111111111
B0006,67,0.06686868471567307,0.08981021390663306,0.2021277846201369,0.5311111111111111
B0006,68,0.0675638979208385,0.09093282660720825,0.20390556972721027,0.5313888888888889
B0006,69,0.06767916633501396,0.09097518732194294,0.20392071846635682,0.5313888888888889
B0006,70,0.0679726933427561,0.09232410955240872,0.20485897970157496,0.5313888888888889
B0006,71,0.06833354741887734,0.09201668954083403,0.20462440393477652,0.5313888888888889
B0006,72,0.06885136093381199,0.0925822548520223,0.20545781190523424,0.5313888888888889
B0006,73,0.06906646906873301,0.0934909607320899,0.2063866166640208,0.5313888888888889
B0006,74,0.06870914709601504,0.09387730518518865,0.20670642336666759,0.5313888888888889
B0006,75,0.06952595566680789,0.09418623001298362,0.20650515471630423,0.5313888888888889
B0006,76,0.06825231466048369,0.09343980119280403,0.20601767876828428,0.5313888888888889
B0006,77,0.06960330384223117,0.09561343002331575,0.20855718387973987,1.7758333333333334
B0006,78,0.07057714520177544,0.0924269028093456,0.20588029886222334,0.8916666666666667
B0006,79,0.06944383967261045,0.09508674404018921,0.2076731567960871,0.5316666666666666
B0006,80,0.0692409257238966,0.09541147475162996,0.2075855167222502,0.5319444444444444
B0006,81,0.07018023704211739,0.09580053634249773,0.20854370674707876,0.5319444444444444
B0006,82,0.07032112501568692,0.09530176637205882,0.20874414663509278,0.5319444444444444
B0006,83,0.06930780981897802,0.09454813120638911,0.20782634215790238,0.5319444444444444
B0006,84,0.07066012489753228,0.09558033908197718,0.20940466092735396,0.5319444444444444
B0006,85,0.07048796563268331,0.09637484690828765,0.20939390585055873,0.5322222222222223
B0006,86,0.071253157527167,0.09693308592499948,0.21070829142271252,0.5319444444444444
B0006,87,0.07290881656804299,0.0968587759009549,0.21147332114006576,0.5319444444444444
B0006,88,0.0725103674563298,0.09660159139822988,0.21095609002616864,0.5319444444444444
B0006,89,0.07088794010729621,0.09740741420439394,0.21018536262241616,0.5319444444444444
B0006,90,0.07141473238066469,0.09614920599785416,0.2097527626167619,0.5325
B0006,91,0.07083150479026026,0.09066604075689752,0.20532101725232546,0.8816666666666667
B0006,92,0.07030413873328058,0.0930529362512398,0.2068859649905251,0.5325
B0006,93,0.07156671814928477,0.09367023927457886,0.20836155228309639,0.5325
B0006,94,0.07235057565104601,0.09440345976365576,0.20880489124768722,0.5325
B0006,95,0.07033788263426383,0.09507092273616935,0.20829600770903586,0.5325
B0006,96,0.07148316063857231,0.09546831610525248,0.20960236113452438,0.5325
B0006,97,0.07177878179971342,0.09678915937102545,0.21078236391898286,0.5325
B0006,98,0.07217659052012376,0.09731548106056298,0.21111117920899458,0.5325
B0006,99,0.07275773932145782,0.09742370041141407,0.21139668318096327,0.5327777777777778
B0006,100,0.07161196696477634,0.09618267512171286,0.20973243605603561,0.5327777777777778
B0006,101,0.07236285655797875,0.09800608224040097,0.2122065762917942,0.5327777777777778
B0006,102,0.07217187946582546,0.09754420653220938,0.21111547546356427,0.5327777777777778
B0006,103,0.07327514105662862,0.09816756377374604,0.21260369359813222,0.5327777777777778
B0006,104,0.07279898453381024,0.0935192293551594,0.20870554559927249,0.8647222222222222
B0006,105,0.0737422116355231,0.09682011701371697,0.21183786569139088,0.5327777777777778
B0006,106,0.07351181896001253,0.09784840606777727,0.21251705066104695,0.5330555555555555
B0006,107,0.07363095072187217,0.09872074778143794,0.21304348701116926,0.5330555555555555
B0006,108,0.07483720295528123,0.09855595497783809,0.21359976037488262,0.5330555555555555
B0006,109,0.07422880685868813,0.09794583413307753,0.2127903424691151,0.5330555555555555
B0006,110,0.07359262883289279,0.09794263420249376,0.21275722053393142,0.5333333333333333
B0006,111,0.07428961541366103,0.09782803971993742,0.21323582162344565,0.5333333333333333
B0006,112,0.07436247289279864,0.100297485432866,0.21451930651297882,0.5333333333333333
B0006,113,0.07308819155500623,0.10028552688952369,0.2146373164018207,0.5333333333333333
B0006,114,0.07390565956199621,0.10034826354300655,0.2141498296113131,0.5336111111111111
B0006,115,0.07406486350284623,0.09903658397481056,0.21358489328338437,0.5333333333333333
B0006,116,0.07434066648007011,0.10067908230747398,0.21459543597448402,0.5333333333333333
B0006,117,0.0749835856113319,0.1003809603504959,0.21459125320874742,0.5333333333333333
B0006,118,0.07363422580248341,0.10034341350119641,0.21422182356494077,0.5336111111111111
B0006,119,0.07495654638579109,0.0986748779007716,0.21452769183877715,0.5336111111111111
B0006,120,0.07456415358800406,0.09465513038241297,0.21036985965159846,5.558888888888889
B0006,121,0.07456415358800406,0.09465513038241297,0.21036985965159846,0.8477777777777777
B0006,122,0.07592804413673004,0.10032970664387303,0.21586784496209752,0.5336111111111111
B0006,123,0.07550871785129283,0.10116073256897913,0.2159239577261887,0.5336111111111111
B0006,124,0.07460959963253604,0.10145892418195081,0.21520087502068264,0.5336111111111111
B0006,125,0.07487960335651152,0.10060335245891304,0.21539506111757842,0.5338888888888889
B0006,126,0.07528060880004324,0.10254518763662164,0.21577680944366215,0.5338888888888889
B0006,127,0.07499556374166019,0.10138737916427212,0.21577850702152537,0.5338888888888889
B0006,128,0.07635857115497807,0.1014317733775896,0.21650991633736405,0.5338888888888889
B0006,129,0.07477686532784665,0.10280887562042597,0.21570781591591856,0.5338888888888889
B0006,130,0.07601129120974016,0.10207495349364025,0.21670607564579994,0.5338888888888889
B0006,131,0.07632337493459862,0.1024320211016061,0.21692727617337107,0.5347222222222222
B0006,132,0.0749954456773232,0.10259630569279,0.21583641630810413,0.5347222222222222
B0006,133,0.07655910700249269,0.10301800475787612,0.21748390104173473,7.755833333333333
B0006,134,0.07348534244575625,0.09721507881558597,0.21092441276454213,5.112222222222222
B0006,135,0.07348534244575625,0.09721507881558597,0.21092441276454213,0.8305555555555556
B0006,136,0.07627816468715698,0.10209285250394709,0.21684417363261033,0.5341666666666667
B0006,137,0.07628105077777647,0.10123049924820199,0.2158981620332927,0.5344444444444445
B0006,138,0.07559149558239868,0.10170048160813132,0.21604444648328713,0.5344444444444445
B0006,139,0.07436926956755013,0.10195116957544287,0.21635751196583985,0.5344444444444445
B0006,140,0.07554946383264172,0.1033905552179119,0.21668278468776478,0.5341666666666667
B0006,141,0.07543780913259987,0.10190222500615645,0.2158969835536871,0.5344444444444445
B0006,142,0.0752830478385875,0.10212799871439257,0.21706151186350675,0.5347222222222222
B0006,143,0.07504265846305132,0.10234809729911541,0.21595703761115526,0.5347222222222222
B0006,144,0.07493083270026814,0.10316530446995302,0.21535163389832088,0.5344444444444445
B0006,145,0.07555918138378297,0.10171557782292613,0.2157771855265478,0.5347222222222222
B0006,146,0.07529135855581007,0.10399050592213124,0.216698564488632,0.5347222222222222
B0006,147,0.07695888745317593,0.10278141799912464,0.21755658578340217,0.5347222222222222
B0006,148,0.07582454225155175,0.10410637069985224,0.21704508700933212,0.5347222222222222
B0006,149,0.07591191584477391,0.10494385154400138,0.2189482678947022,0.535
B0006,150,0.07629297155319334,0.10647126315333194,0.21839301966452848,0.535
B0006,151,0.07429801976099379,0.09727249699620968,0.21136056620941526,0.8236111111111111
B0006,152,0.0752876188558989,0.10131281846755223,0.2151534879147203,0.535
B0006,153,0.07525091465096566,0.10263114150619053,0.2158301861844234,0.535
B0006,154,0.07579555842218386,0.10337622430701954,0.2170640945685812,0.535
B0006,155,0.07634314633390711,0.10459379391771405,0.21841328791581457,0.535
B0006,156,0.07548574752727838,0.10415670198896312,0.2173908826782663,0.535
B0006,157,0.075678173941146,0.10498941605859084,0.21775220262670117,0.535
B0006,158,0.07639730618221811,0.10625558495145841,0.21841576088351902,0.535
B0006,159,0.07554089552390525,0.10325199429925233,0.21734827182538166,0.5352777777777777
B0006,160,0.07758555911246837,0.10473113760753461,0.2190763299506798,0.5352777777777777
B0006,161,0.07914099539982122,0.10410597469599145,0.21984063273549773,0.5361111111111111
B0006,162,0.07703480377026387,0.1043025357256912,0.21769925579954985,0.5361111111111111
B0006,163,0.07558657312230183,0.10545022867710716,0.21787182730522495,0.5361111111111111
B0006,164,0.07680024027253078,0.10505838895245793,0.2186095117938144,0.5361111111111111
B0006,165,0.07773379473968531,0.1055258410926404,0.2184103809298437,0.5361111111111111
B0006,166,0.07649758460967311,0.10668360253694291,0.2192459601730079,0.5361111111111111
B0006,167,0.07358936787982846,0.09999474026181411,0.21263656657743635,5.6963888888888885
B0006,168,0.07358936787982846,0.09999474026181411,0.21263656657743635,0.8127777777777778
B0007,1,0.03816813609946085,0.06158094574229446,0.18589277550863706,389.49666666666667
B0007,2,0.03816813609946085,0.06158094574229446,0.18589277550863706,385.1947222222222
B0007,3,0.03816813609946085,0.06158094574229446,0.18589277550863706,380.9063888888889
B0007,4,0.03816813609946085,0.06158094574229446,0.18589277550863706,376.6477777777778
B0007,5,0.03816813609946085,0.06158094574229446,0.18589277550863706,372.3677777777778
B0007,6,0.03816813609946085,0.06158094574229446,0.18589277550863706,368.0052777777778
B0007,7,0.03816813609946085,0.06158094574229446,0.18589277550863706,363.63694444444445
B0007,8,0.03816813609946085,0.06158094574229446,0.18589277550863706,359.45416666666665
B0007,9,0.03816813609946085,0.06158094574229446,0.18589277550863706,355.2872222222222
B0007,10,0.03816813609946085,0.06158094574229446,0.18589277550863706,351.1225
B0007,11,0.03816813609946085,0.06158094574229446,0.18589277550863706,346.96944444444443
B0007,12,0.03816813609946085,0.06158094574229446,0.18589277550863706,338.9838888888889
B0007,13,0.03816813609946085,0.06158094574229446,0.18589277550863706,334.8930555555556
B0007,14,0.03816813609946085,0.06158094574229446,0.18589277550863706,330.58416666666665
B0007,15,0.03816813609946085,0.06158094574229446,0.18589277550863706,326.5077777777778
B0007,16,0.03816813609946085,0.06158094574229446,0.18589277550863706,322.41583333333335
B0007,17,0.03816813609946085,0.06158094574229446,0.18589277550863706,318.3466666666667
B0007,18,0.03816813609946085,0.06158094574229446,0.18589277550863706,314.2677777777778
B0007,19,0.03816813609946085,0.06158094574229446,0.18589277550863706,310.1483333333333
B0007,20,0.03816813609946085,0.06158094574229446,0.18589277550863706,0.24722222222222223
B0007,21,0.03971312292013592,0.06180654339682964,0.18715320140901773,0.245
B0007,22,0.03840146399106517,0.06100130384680727,0.18562814727425256,0.245
B0007,23,0.0371051772037323,0.06007565108189894,0.18475946548704236,0.245
B0007,24,0.037833946033938984,0.061293760421866045,0.1785051818480623,0.245
B0007,25,0.037520425405365855,0.060073134186248135,0.18535120347018405,0.245
B0007,26,0.03739727137150672,0.0612330724542185,0.18577136918002854,0.245
B0007,27,0.03591968009886427,0.06057069111701671,0.18419571300360846,0.245
B0007,28,0.03738579892114978,0.06131737602920535,0.18541426738325795,0.2452777777777778
B0007,29,0.03789058841967389,0.06032875855026001,0.18459260105174638,0.245
B0007,30,0.03715722957533256,0.06103479269674707,0.17687788871749524,0.2452777777777778
B0007,31,0.04105669646645134,0.07065997133250308,0.18739430615006178,0.9872222222222222
B0007,32,0.041759405414555945,0.06445608820977453,0.18686087604910295,0.5294444444444445
B0007,33,0.04232704798626884,0.06414150947613172,0.18738486983282784,0.5297222222222222
B0007,34,0.03967286398299121,0.06333755034552216,0.1847244828907759,0.5297222222222222
B0007,35,0.04046536725285732,0.06397225205950727,0.18598538710448834,0.5297222222222222
B0007,36,0.04083099544598788,0.06292223531520325,0.18565899635207314,0.53
B0007,37,0.04078701229987664,0.06338858492819599,0.1858435273683434,0.53
B0007,38,0.03981735939635393,0.06446689612483536,0.18586039711466298,0.5297222222222222
B0007,39,0.03879098770177327,0.06280987925671022,0.1841200635038497,0.53
B0007,40,0.04135849902166442,0.06409309629130175,0.18611130284212077,0.53
B0007,41,0.04198813216408782,0.06290743673977844,0.18622449099954466,0.5302777777777777
B0007,42,0.0410635565050997,0.06183018814159419,0.1851348913518109,0.5302777777777777
B0007,43,0.04725020480421689,0.07272586091049475,0.1952675459745421,8.946388888888889
B0007,44,0.04725020480421689,0.07272586091049475,0.1952675459745421,0.9433333333333334
B0007,45,0.04658869845988432,0.06938696400889426,0.1940052117949335,0.5302777777777777
B0007,46,0.045058966847244336,0.06928051739204368,0.19348334875559922,0.5302777777777777
B0007,47,0.04581384765227875,0.06966533025568689,0.19379856008193364,0.5302777777777777
B0007,48,0.04922145778943997,0.07134263821575189,0.1961507457439032,0.9494444444444444
B0007,49,0.04888655382152031,0.06968514370622465,0.19578117831531724,0.5302777777777777
B0007,50,0.04805522182634865,0.06988641944387855,0.1952243435899732,0.5302777777777777
B0007,51,0.047509200748586077,0.07037254012210739,0.1955279411455256,0.5305555555555556
B0007,52,0.048179914298366426,0.07048007986898036,0.19593919734602894,0.5305555555555556
B0007,53,0.04853240735824653,0.07034952369656776,0.196644087494804,0.5305555555555556
B0007,54,0.04974625536405859,0.07095960275807538,0.19762580528884968,0.5308333333333334
B0007,55,0.04989362821249148,0.06988750479775756,0.19738641795080203,0.5308333333333334
B0007,56,0.04762093306188868,0.06959637470924757,0.19603646397683963,0.5308333333333334
B0007,57,0.04647996212810349,0.07109805169409975,0.19682579274576203,0.5308333333333334
B0007,58,0.04796925031131609,0.07089251138004057,0.19675610158085802,0.5305555555555556
B0007,59,0.04822541815588505,0.07097691576307026,0.1962351357448375,0.5305555555555556
B0007,60,0.04908955036286932,0.07022873713037443,0.19637139527044564,0.5308333333333334
B0007,61,0.048817413924019566,0.07189407403925935,0.1971356331046735,0.5308333333333334
B0007,62,0.04889219507251717,0.07012605128802055,0.19613307338678387,0.5308333333333334
B0007,63,0.04742321873077289,0.06907761875176498,0.1961170895690272,0.5311111111111111
B0007,64,0.048460437754935325,0.0708375336017697,0.19696582380605254,0.9458333333333333
B0007,65,0.04874528416849275,0.07248947480976828,0.19660958702066722,0.9116666666666666
B0007,66,0.04890922045962195,0.07224375321168745,0.19728418374803,0.5311111111111111
B0007,67,0.05049341528042814,0.0714779278737494,0.19784533508750268,0.5311111111111111
B0007,68,0.049653807534869046,0.07281511275371025,0.19840281373433308,0.5313888888888889
B0007,69,0.049804698569480284,0.07183693248710026,0.19842880185194667,0.5313888888888889
B0007,70,0.04960142143548596,0.07212114083797687,0.19807513703496724,0.5313888888888889
B0007,71,0.04933286951263678,0.07263784411726666,0.19838730678359603,0.5313888888888889
B0007,72,0.048245150285560964,0.07344417258506274,0.19736647516729391,0.5313888888888889
B0007,73,0.05001512861656075,0.07381936636092858,0.19874572737630833,0.5313888888888889
B0007,74,0.047456705587096075,0.07255600991617446,0.19674857002516108,0.5313888888888889
B0007,75,0.048886406569936064,0.07289868386035867,0.19822168926728426,0.5313888888888889
B0007,76,0.04904240478915373,0.07202371305148902,0.19798777685462543,0.5313888888888889
B0007,77,0.04861981736892422,0.07223470556283451,0.19769039676321457,1.7758333333333334
B0007,78,0.04858590816702541,0.07223412421622642,0.19631016977190688,0.8916666666666667
B0007,79,0.04830739180756976,0.07449610987674748,0.19852870899448602,0.5316666666666666
B0007,80,0.04807714089362054,0.07403770271784743,0.19803305054203094,0.5319444444444444
B0007,81,0.048897202430558395,0.07193674461638987,0.19772844077037943,0.5319444444444444
B0007,82,0.05060519273798081,0.07400471120772745,0.20023888341401,0.5319444444444444
B0007,83,0.05513227508897388,0.07463188429536609,0.20337215409781084,0.5319444444444444
B0007,84,0.052122387063300676,0.07530335771038864,0.20206659454078424,0.5319444444444444
B0007,85,0.05077571807567494,0.07496378520798935,0.20163306628146005,0.5322222222222223
B0007,86,0.05126724930337932,0.07541159661766002,0.20139778006793385,0.5319444444444444
B0007,87,0.051355678502895456,0.0749649652243977,0.20145361672735831,0.5319444444444444
B0007,88,0.05194895745860293,0.07469906780400354,0.20170919770008214,0.5319444444444444
B0007,89,0.05128667477654547,0.07539484013414438,0.20086930992171503,0.5319444444444444
B0007,90,0.05502813794451862,0.07705920199069437,0.20546700908188856,0.5325
B0007,91,0.05378413050825462,0.07630704682775627,0.20355676212808005,0.8816666666666667
B0007,92,0.05324102311684918,0.07558335014316388,0.20338269495413216,0.5325
B0007,93,0.05273469991494585,0.07574262774043826,0.2027541163508999,0.5325
B0007,94,0.054101669766115246,0.07605862048749032,0.20449967853328577,0.5325
B0007,95,0.053379437619037746,0.0768769249386572,0.204383399029602,0.5325
B0007,96,0.05523767045005179,0.07884381066373808,0.2061559954552056,0.5325
B0007,97,0.054439338280930595,0.07785420519610012,0.20584957734650175,0.5325
B0007,98,0.05405487569096337,0.07821105614795815,0.20500188472453262,0.5325
B0007,99,0.05335322659418541,0.07819867312210359,0.20493064177089967,0.5327777777777778
B0007,100,0.05354779689154472,0.07799840526566774,0.20480178644363822,0.5327777777777778
B0007,101,0.05429631089195726,0.07755605645193993,0.20497937651828887,0.5327777777777778
B0007,102,0.054140507846383475,0.07849103991881125,0.20569406318610453,0.5327777777777778
B0007,103,0.05497736185369785,0.07863873360391814,0.2060879968660434,0.5327777777777778
B0007,104,0.05377474963866314,0.07616309255239219,0.20326237775340417,0.8647222222222222
B0007,105,0.054523978157317556,0.0781727897082057,0.20582399390111406,0.5327777777777778
B0007,106,0.05441238770330601,0.07816806645061,0.20544435414363096,0.5330555555555555
B0007,107,0.05451219205855288,0.07651054614613173,0.20481727607769792,0.5330555555555555
B0007,108,0.052351911552094406,0.0772564945442686,0.20405903028754183,0.5330555555555555
B0007,109,0.055582769847162185,0.07723477152073635,0.20527179876240256,0.5330555555555555
B0007,110,0.05474089300471066,0.07901841555586095,0.2058951895309261,0.5333333333333333
B0007,111,0.055237233438058246,0.0799393133533925,0.2071250177029419,0.5333333333333333
B0007,112,0.0572653476857599,0.07942312226110386,0.20797822902941385,0.5333333333333333
B0007,113,0.05107064795051435,0.07876484726875482,0.20519610752372675,0.5333333333333333
B0007,114,0.05508857873132331,0.07806701171840846,0.2062362169481553,0.5336111111111111
B0007,115,0.055778574185470456,0.07824269800333249,0.20654618839688557,0.5333333333333333
B0007,116,0.058454793092531966,0.07808837738558039,0.2084630610988021,0.5333333333333333
B0007,117,0.05487289835073646,0.08114313792394433,0.20742097098866627,0.5333333333333333
B0007,118,0.0568991758337347,0.07887220766486298,0.20724784126621174,0.5336111111111111
B0007,119,0.05574285095910161,0.08005685613579032,0.20818248236217732,0.5336111111111111
B0007,120,0.05968120820514389,0.07951493628212278,0.20975959423177856,5.558888888888889
B0007,121,0.05968120820514389,0.07951493628212278,0.20975959423177856,0.8477777777777777
B0007,122,0.05604258367132115,0.07991327205972212,0.20777205465352688,0.5336111111111111
B0007,123,0.05719697967170129,0.08185319457580625,0.20941334783538776,0.5336111111111111
B0007,124,0.05533954029001459,0.08086669055606474,0.20809700728888214,0.5336111111111111
B0007,125,0.057050602535577005,0.08153840356165401,0.20946846069102554,0.5338888888888889
B0007,126,0.0577616170406075,0.0820660023586674,0.20984747374722246,0.5338888888888889
B0007,127,0.057585488535843915,0.08293347770359485,0.21037715477194233,0.5338888888888889
B0007,128,0.05670666348649182,0.08268806521788226,0.2103133547108684,0.5338888888888889
B0007,129,0.05871571908588068,0.08294174003043774,0.2114571651603482,0.5338888888888889
B0007,130,0.057109751399146834,0.08239034528661737,0.20971806977254792,0.5338888888888889
B0007,131,0.05701776890792207,0.0816566640960627,0.20894172078550974,0.5347222222222222
B0007,132,0.05771468674207234,0.08397428323884612,0.2111420902380268,0.5347222222222222
B0007,133,0.0568683507839505,0.08373541370295104,0.21118985333794868,7.755833333333333
B0007,134,0.06009510252454094,0.07958025942701291,0.20959520608122548,5.112222222222222
B0007,135,0.06009510252454094,0.07958025942701291,0.20959520608122548,0.8305555555555556
B0007,136,0.0546567857524269,0.08196905646669346,0.20839911706573525,0.5341666666666667
B0007,137,0.05855396288691582,0.0817127037862085,0.21079565681382584,0.5344444444444445
B0007,138,0.058279853382820955,0.08282201995515953,0.2109483615480542,0.5344444444444445
B0007,139,0.06554333401316845,0.08712630369162297,0.22004135350203413,0.5344444444444445
B0007,140,0.06343709105065118,0.08961239735080084,0.21969350729400197,0.5341666666666667
B0007,141,0.064090710272644,0.08923128682926011,0.22001996558167672,0.5344444444444445
B0007,142,0.0649449108692077,0.0882787478820197,0.21974467690480215,0.5347222222222222
B0007,143,0.06309122315038551,0.09066468210852158,0.22041405544816062,0.5347222222222222
B0007,144,0.0635675339735441,0.09036756488030863,0.21938645083811278,0.5344444444444445
B0007,145,0.06354297240865986,0.08993700983227765,0.22030188322970878,0.5347222222222222
B0007,146,0.06362757826786986,0.09244959245559134,0.2215631557169814,0.5347222222222222
B0007,147,0.06590148740383334,0.09003267092142803,0.22140672877088272,0.5347222222222222
B0007,148,0.06434871776064219,0.09283376873093901,0.22209943087280992,0.5347222222222222
B0007,149,0.06476902315692028,0.09121990458691583,0.22128305404917506,0.535
B0007,150,0.06353069093235883,0.09116725503746168,0.22039543531210595,0.535
B0007,151,0.06415912257007907,0.09032883849831895,0.21932515767664462,0.8236111111111111
B0007,152,0.06643642479689273,0.08671624569408547,0.2196720531186096,0.535
B0007,153,0.06329811599005293,0.0883740485896972,0.2185643859649624,0.535
B0007,154,0.06145601214896925,0.08889557028653669,0.21884115086301406,0.535
B0007,155,0.06382375412452716,0.09017378045499043,0.2205207566467157,0.535
B0007,156,0.06454679946231442,0.09024797990776603,0.22015645206553155,0.535
B0007,157,0.06249691986052604,0.09115545784670619,0.22011581517937565,0.535
B0007,158,0.06334787344507525,0.09172637881195314,0.22063051177140305,0.535
B0007,159,0.06729379539953537,0.08877642239876088,0.22099770551264894,0.5352777777777777
B0007,160,0.06579546046710036,0.08913718734703446,0.2200168937214508,0.5352777777777777
B0007,161,0.06706903713310808,0.08931746529758988,0.22173892567519923,0.5361111111111111
B0007,162,0.06490942889368799,0.09075727480252856,0.22159401241096974,0.5361111111111111
B0007,163,0.06468467106868281,0.0912602372721357,0.22096398493764305,0.5361111111111111
B0007,164,0.06476607440681181,0.09331506762885133,0.22313809005017618,0.5361111111111111
B0007,165,0.06468646287403104,0.09357177480301318,0.22253877005166864,0.5361111111111111
B0007,166,0.06492526583837316,0.0913267326241943,0.22195824303860912,0.5361111111111111
B0007,167,0.0671426900201505,0.09331350931281934,0.22372259196768973,5.6963888888888885
B0007,168,0.0671426900201505,0.09331350931281934,0.22372259196768973,0.8127777777777778
B0018,1,0.06515815158455215,0.09555369570022001,0.20341316938307608,0.5372222222222223
B0018,2,0.06269644718508349,0.09161902925465781,0.19886417008331217,0.5286111111111111
B0018,3,0.06137843058604763,0.09188288246238666,0.19855211405103557,0.5286111111111111
B0018,4,0.06133724861449716,0.09141202809622342,0.19856354917996447,0.5286111111111111
B0018,5,0.06143403300566526,0.09201876447685577,0.19528862134742728,10.013055555555555
B0018,6,0.06246407536667202,0.08784495845315991,0.1964739555881894,11.96111111111111
B0018,7,0.06246407536667202,0.08784495845315991,0.1964739555881894,7.971111111111111
B0018,8,0.06246407536667202,0.08784495845315991,0.1964739555881894,3.984166666666667
B0018,9,0.06246407536667202,0.08784495845315991,0.1964739555881894,0.5288888888888889
B0018,10,0.06105488892245489,0.08795484250803035,0.19601537450163317,15.87888888888889
B0018,11,0.06105488892245489,0.08795484250803035,0.19601537450163317,11.890277777777778
B0018,12,0.06105488892245489,0.08795484250803035,0.19601537450163317,7.9494444444444445
B0018,13,0.06105488892245489,0.08795484250803035,0.19601537450163317,3.976111111111111
B0018,14,0.06105488892245489,0.08795484250803035,0.19601537450163317,0.5291666666666667
B0018,15,0.06100929812130678,0.08710663504547878,0.19333478495097103,4.51
B0018,16,0.06100929812130678,0.08710663504547878,0.19333478495097103,8.482777777777779
B0018,17,0.06064904573360479,0.08754929973933033,0.19494023927342455,7.864722222222222
B0018,18,0.06064904573360479,0.08754929973933033,0.19494023927342455,3.9297222222222223
B0018,19,0.06064904573360479,0.08754929973933033,0.19494023927342455,0.5291666666666667
B0018,20,0.06219481868267621,0.08570971190558405,0.19320119508782066,3.5502777777777776
B0018,21,0.06219481868267621,0.08570971190558405,0.19320119508782066,7.514722222222222
B0018,22,0.06106479153135479,0.08848482071807108,0.1962115079255081,7.9094444444444445
B0018,23,0.06106479153135479,0.08848482071807108,0.1962115079255081,3.9472222222222224
B0018,24,0.06106479153135479,0.08848482071807108,0.1962115079255081,0.5294444444444445
B0018,25,0.06287106178477314,0.08500615970912836,0.1941354926489948,15.577777777777778
B0018,26,0.06287106178477314,0.08500615970912836,0.1941354926489948,11.654166666666667
B0018,27,0.06287106178477314,0.08500615970912836,0.1941354926489948,7.757777777777778
B0018,28,0.06287106178477314,0.08500615970912836,0.1941354926489948,3.883888888888889
B0018,29,0.06287106178477314,0.08500615970912836,0.1941354926489948,0.5297222222222222
B0018,30,0.06095075041521759,0.08544326049182116,0.19154117624042943,3.5388888888888888
B0018,31,0.06095075041521759,0.08544326049182116,0.19154117624042943,7.4275
B0018,32,0.06279037977354894,0.08611082715769634,0.19444599069402782,7.7275
B0018,33,0.06279037977354894,0.08611082715769634,0.19444599069402782,3.8655555555555554
B0018,34,0.06279037977354894,0.08611082715769634,0.19444599069402782,0.5297222222222222
B0018,35,0.062054327669918884,0.0841039159798283,0.19183582128764068,3.526666666666667
B0018,36,0.062054327669918884,0.0841039159798283,0.19183582128764068,7.411666666666667
B0018,37,0.06126874046942329,0.08711286500552247,0.1948061588611727,7.740833333333334
B0018,38,0.06126874046942329,0.08711286500552247,0.1948061588611727,3.8425
B0018,39,0.06126874046942329,0.08711286500552247,0.1948061588611727,0.53
B0018,40,0.060230110173563736,0.0877848925885978,0.19670404476907918,15.425
B0018,41,0.060230110173563736,0.0877848925885978,0.19670404476907918,11.56611111111111
B0018,42,0.060230110173563736,0.0877848925885978,0.19670404476907918,7.726388888888889
B0018,43,0.060230110173563736,0.0877848925885978,0.19670404476907918,3.877222222222222
B0018,44,0.060230110173563736,0.0877848925885978,0.19670404476907918,0.5297222222222222
B0018,45,0.061801794410442104,0.08516278937578788,0.19273719118180396,3.5452777777777778
B0018,46,0.06335998574164574,0.08600824718099127,0.19383620671225021,16.220277777777778
B0018,47,0.06335998574164574,0.08600824718099127,0.19383620671225021,12.429722222222223
B0018,48,0.06335998574164574,0.08600824718099127,0.19383620671225021,8.63111111111111
B0018,49,0.06335998574164574,0.08600824718099127,0.19383620671225021,4.8438888888888885
B0018,50,0.06335998574164574,0.08600824718099127,0.19383620671225021,0.9219444444444445
B0018,51,0.06335998574164574,0.08600824718099127,0.19383620671225021,8.674166666666666
B0018,52,0.06254971088581063,0.0843178209735426,0.1933535960568021,11.794444444444444
B0018,53,0.06254971088581063,0.0843178209735426,0.1933535960568021,8.304444444444444
B0018,54,0.06254971088581063,0.0843178209735426,0.1933535960568021,4.8213888888888885
B0018,55,0.06254971088581063,0.0843178209735426,0.1933535960568021,0.9055555555555556
B0018,56,0.062318942746054214,0.0859882467642574,0.19483783338939664,15.141666666666667
B0018,57,0.062318942746054214,0.0859882467642574,0.19483783338939664,11.380833333333333
B0018,58,0.062318942746054214,0.0859882467642574,0.19483783338939664,7.631666666666667
B0018,59,0.062318942746054214,0.0859882467642574,0.19483783338939664,3.852222222222222
B0018,60,0.062318942746054214,0.0859882467642574,0.19483783338939664,0.53
B0018,61,0.0619094323498869,0.08488075014924702,0.192862543849552,3.508888888888889
B0018,62,0.0619094323498869,0.08488075014924702,0.192862543849552,7.291111111111111
B0018,63,0.06328841535782422,0.08847320583286679,0.19762631370273187,7.633055555555556
B0018,64,0.06328841535782422,0.08847320583286679,0.19762631370273187,3.8544444444444443
B0018,65,0.06328841535782422,0.08847320583286679,0.19762631370273187,0.53
B0018,66,0.06244245641291251,0.08553075414412509,0.19413904320815054,3.549722222222222
B0018,67,0.06244245641291251,0.08553075414412509,0.19413904320815054,7.3116666666666665
B0018,68,0.06272459952717446,0.09004616962738907,0.1984011215468778,7.573333333333333
B0018,69,0.06272459952717446,0.09004616962738907,0.1984011215468778,3.8341666666666665
B0018,70,0.06272459952717446,0.09004616962738907,0.1984011215468778,0.5305555555555556
B0018,71,0.06319723456202592,0.0872013762847039,0.1954226163193179,14.4025
B0018,72,0.06332864514547537,0.08797976668527188,0.19596161550836996,12.396944444444445
B0018,73,0.06332864514547537,0.08797976668527188,0.19596161550836996,8.627222222222223
B0018,74,0.06332864514547537,0.08797976668527188,0.19596161550836996,4.8533333333333335
B0018,75,0.06332864514547537,0.08797976668527188,0.19596161550836996,0.9205555555555556
B0018,76,0.06332864514547537,0.08797976668527188,0.19596161550836996,3.5277777777777777
B0018,77,0.06332864514547537,0.08797976668527188,0.19596161550836996,7.286111111111111
B0018,78,0.06438276069827963,0.09108149736581252,0.19945918418268285,7.5713888888888885
B0018,79,0.06438276069827963,0.09108149736581252,0.19945918418268285,3.8194444444444446
B0018,80,0.06438276069827963,0.09108149736581252,0.19945918418268285,0.5302777777777777
B0018,81,0.06322621852227772,0.08762970040962542,0.19636083347489386,3.5544444444444445
B0018,82,0.06322621852227772,0.08762970040962542,0.19636083347489386,7.309444444444445
B0018,83,0.06275964602343843,0.09224881675419787,0.20017614595254626,7.504722222222222
B0018,84,0.06275964602343843,0.09224881675419787,0.20017614595254626,3.777222222222222
B0018,85,0.06275964602343843,0.09224881675419787,0.20017614595254626,0.5305555555555556
B0018,86,0.0654312939216661,0.08842632755307295,0.19784802660744008,16.04
B0018,87,0.0654312939216661,0.08842632755307295,0.19784802660744008,12.290555555555555
B0018,88,0.0654312939216661,0.08842632755307295,0.19784802660744008,8.59
B0018,89,0.0654312939216661,0.08842632755307295,0.19784802660744008,4.858333333333333
B0018,90,0.0654312939216661,0.08842632755307295,0.19784802660744008,0.8908333333333334
B0018,91,0.0654312939216661,0.08842632755307295,0.19784802660744008,9.030833333333334
B0018,92,0.0640350502034096,0.09164169330042057,0.19980597539258993,11.18388888888889
B0018,93,0.0640350502034096,0.09164169330042057,0.19980597539258993,7.465833333333333
B0018,94,0.0640350502034096,0.09164169330042057,0.19980597539258993,3.7511111111111113
B0018,95,0.0640350502034096,0.09164169330042057,0.19980597539258993,0.5316666666666666
B0018,96,0.06431683619311312,0.08680690256687046,0.1974517470063851,3.4844444444444442
B0018,97,0.06431683619311312,0.08680690256687046,0.1974517470063851,7.1875
B0018,98,0.06546443423939434,0.0925002319045349,0.20169490170910567,7.421388888888889
B0018,99,0.06546443423939434,0.0925002319045349,0.20169490170910567,3.7691666666666666
B0018,100,0.06546443423939434,0.0925002319045349,0.20169490170910567,0.5308333333333334
B0018,101,0.06545297065463919,0.0888408418585299,0.19854938141693065,3.4697222222222224
B0018,102,0.06545297065463919,0.0888408418585299,0.19854938141693065,7.1658333333333335
B0018,103,0.06605675981972527,0.09024364278181114,0.20166268631789372,7.339166666666666
B0018,104,0.06605675981972527,0.09024364278181114,0.20166268631789372,3.6883333333333335
B0018,105,0.06605675981972527,0.09024364278181114,0.20166268631789372,0.5308333333333334
B0018,106,0.06602461415916355,0.0893968694708912,0.1985605596388957,15.79
B0018,107,0.06602461415916355,0.0893968694708912,0.1985605596388957,12.038055555555555
B0018,108,0.06602461415916355,0.0893968694708912,0.1985605596388957,8.380555555555556
B0018,109,0.06602461415916355,0.0893968694708912,0.1985605596388957,4.720555555555555
B0018,110,0.06602461415916355,0.0893968694708912,0.1985605596388957,0.8841666666666667
B0018,111,0.06602461415916355,0.0893968694708912,0.1985605596388957,3.4608333333333334
B0018,112,0.06602461415916355,0.0893968694708912,0.1985605596388957,7.1305555555555555
B0018,113,0.06528925688517716,0.0913916544478255,0.20104879006881402,7.2988888888888885
B0018,114,0.06528925688517716,0.0913916544478255,0.20104879006881402,3.693888888888889
B0018,115,0.06528925688517716,0.0913916544478255,0.20104879006881402,0.5311111111111111
B0018,116,0.06297327821062598,0.08791100017078796,0.1966323764298592,3.556111111111111
B0018,117,0.06297327821062598,0.08791100017078796,0.1966323764298592,7.301111111111111
B0018,118,0.06516852362411818,0.09570731197373636,0.20292136040109363,7.376388888888889
B0018,119,0.06516852362411818,0.09570731197373636,0.20292136040109363,3.683611111111111
B0018,120,0.06516852362411818,0.09570731197373636,0.20292136040109363,0.5311111111111111
B0018,121,0.06521856379431411,0.09034871149507483,0.19868866806891936,15.699444444444444
B0018,122,0.06521856379431411,0.09034871149507483,0.19868866806891936,12.005555555555556
B0018,123,0.06521856379431411,0.09034871149507483,0.19868866806891936,8.340555555555556
B0018,124,0.06521856379431411,0.09034871149507483,0.19868866806891936,4.7252777777777775
B0018,125,0.06521856379431411,0.09034871149507483,0.19868866806891936,0.8691666666666666
B0018,126,0.06521856379431411,0.09034871149507483,0.19868866806891936,3.5077777777777777
B0018,127,0.06521856379431411,0.09034871149507483,0.19868866806891936,7.1386111111111115
B0018,128,0.06590455963486774,0.0920096535708447,0.20128427668899382,7.2725
B0018,129,0.06590455963486774,0.0920096535708447,0.20128427668899382,3.647777777777778
B0018,130,0.06590455963486774,0.0920096535708447,0.20128427668899382,0.5313888888888889
B0018,131,0.06606850271516486,0.08895885074391789,0.19855503810180034,3.4544444444444444
B0018,132,0.06606850271516486,0.08895885074391789,0.19855503810180034,7.043055555555555
